ElapsedMilliseconds,Count,CorrectCount,ModeStatic,TestNumber
1,0,0,0,1
55,0,0,0,1
95,0,0,0,1
103,0,0,0,1
116,0,0,0,1
125,0,0,0,1
132,0,0,0,1
141,0,0,0,1
147,0,0,0,1
155,0,0,0,1
162,0,0,0,1
168,0,0,0,1
176,0,0,0,1
183,0,0,0,1
192,0,0,0,1
199,0,0,0,1
206,0,0,0,1
215,0,0,0,1
223,0,0,0,1
229,0,0,0,1
235,0,0,0,1
243,0,0,0,1
249,0,0,0,1
256,0,0,0,1
262,0,0,0,1
268,0,0,0,1
276,0,0,0,1
282,0,0,0,1
289,0,0,0,1
296,0,0,0,1
302,0,0,0,1
310,0,0,0,1
317,0,0,0,1
325,0,0,0,1
331,0,0,0,1
338,0,0,0,1
345,0,0,0,1
351,0,0,0,1
361,0,0,0,1
370,0,0,0,1
378,0,0,0,1
385,0,0,0,1
394,0,0,0,1
401,0,0,0,1
409,0,0,0,1
417,0,0,0,1
427,0,0,0,1
433,0,0,0,1
444,0,0,0,1
450,0,0,0,1
459,0,0,0,1
465,0,0,0,1
486,0,0,0,1
496,0,0,0,1
501,0,0,0,1
510,0,0,0,1
518,0,0,0,1
527,0,0,0,1
533,0,0,0,1
544,0,0,0,1
549,0,0,0,1
558,0,0,0,1
565,0,0,0,1
573,0,0,0,1
581,0,0,0,1
590,0,0,0,1
599,0,0,0,1
607,0,0,0,1
615,0,0,0,1
621,0,0,0,1
630,0,0,0,1
638,0,0,0,1
645,0,0,0,1
651,0,0,0,1
661,0,0,0,1
666,0,0,0,1
675,0,0,0,1
682,0,0,0,1
690,0,0,0,1
698,0,0,0,1
705,0,0,0,1
712,0,0,0,1
719,0,0,0,1
728,0,0,0,1
734,0,0,0,1
743,0,0,0,1
749,0,0,0,1
757,0,0,0,1
764,0,0,0,1
771,0,0,0,1
779,0,0,0,1
787,0,0,0,1
795,0,0,0,1
802,0,0,0,1
811,0,0,0,1
817,0,0,0,1
823,0,0,0,1
832,0,0,0,1
841,0,0,0,1
847,0,0,0,1
854,0,0,0,1
862,0,0,0,1
868,0,0,0,1
878,0,0,0,1
884,0,0,0,1
893,0,0,0,1
900,0,0,0,1
909,0,0,0,1
917,0,0,0,1
927,0,0,0,1
934,0,0,0,1
944,0,0,0,1
950,0,0,0,1
958,0,0,0,1
965,0,0,0,1
973,0,0,0,1
981,0,0,0,1
989,0,0,0,1
997,0,0,0,1
1004,0,0,0,1
1012,0,0,0,1
1021,0,0,0,1
1029,0,0,0,1
1036,0,0,0,1
1044,0,0,0,1
1050,0,0,0,1
1059,0,0,0,1
1076,0,0,0,1
1082,0,0,0,1
1093,0,0,0,1
1099,0,0,0,1
1107,0,0,0,1
1115,0,0,0,1
1123,0,0,0,1
1129,1,1,0,1
1136,1,1,0,1
1144,1,1,0,1
1150,1,1,0,1
1159,1,1,0,1
1166,1,1,0,1
1174,1,1,0,1
1180,1,1,0,1
1187,1,1,0,1
1195,1,1,0,1
1201,1,1,0,1
1209,1,1,0,1
1216,1,1,0,1
1226,1,1,0,1
1231,1,1,0,1
1240,1,1,0,1
1247,1,1,0,1
1253,1,1,0,1
1261,1,1,0,1
1268,1,1,0,1
1278,1,1,0,1
1284,1,1,0,1
1293,1,1,0,1
1300,1,1,0,1
1308,1,1,0,1
1315,1,1,0,1
1325,1,1,0,1
1332,1,1,0,1
1341,1,1,0,1
1347,1,1,0,1
1355,1,1,0,1
1362,1,1,0,1
1368,1,1,0,1
1377,1,1,0,1
1383,1,1,0,1
1391,1,1,0,1
1398,1,1,0,1
1407,1,1,0,1
1415,1,1,0,1
1422,1,1,0,1
1429,1,1,0,1
1435,1,1,0,1
1443,1,1,0,1
1449,1,1,0,1
1457,1,1,0,1
1465,1,1,0,1
1473,1,1,0,1
1480,1,1,0,1
1487,1,1,0,1
1496,1,1,0,1
1502,1,1,0,1
1511,1,1,0,1
1517,1,1,0,1
1526,1,1,0,1
1532,1,1,0,1
1541,1,1,0,1
1548,1,1,0,1
1559,1,1,0,1
1565,1,1,0,1
1574,1,1,0,1
1582,1,1,0,1
1590,1,1,0,1
1598,1,1,0,1
1606,1,1,0,1
1613,1,1,0,1
1621,1,1,0,1
1629,1,1,0,1
1637,1,1,0,1
1645,1,1,0,1
1651,1,1,0,1
1661,1,1,0,1
1667,1,1,0,1
1676,1,1,0,1
1683,1,1,0,1
1691,1,1,0,1
1698,1,1,0,1
1706,1,1,0,1
1713,1,1,0,1
1721,1,1,0,1
1729,1,1,0,1
1737,1,1,0,1
1745,1,1,0,1
1752,1,1,0,1
1761,1,1,0,1
1767,1,1,0,1
1776,1,1,0,1
1784,1,1,0,1
1793,1,1,0,1
1800,1,1,0,1
1810,1,1,0,1
1819,1,1,0,1
1826,1,1,0,1
1833,1,1,0,1
1841,1,1,0,1
1848,2,2,0,1
1857,2,2,0,1
1864,2,2,0,1
1871,2,2,0,1
1880,2,2,0,1
1889,2,2,0,1
1897,2,2,0,1
1904,2,2,0,1
1915,2,2,0,1
1924,2,2,0,1
1931,2,2,0,1
1941,2,2,0,1
1948,2,2,0,1
1957,2,2,0,1
1965,2,2,0,1
1973,2,2,0,1
1981,2,2,0,1
1990,2,2,0,1
1998,2,2,0,1
2006,2,2,0,1
2014,2,2,0,1
2023,2,2,0,1
2030,2,2,0,1
2037,2,2,0,1
2045,2,2,0,1
2051,2,2,0,1
2060,2,2,0,1
2066,2,2,0,1
2075,2,2,0,1
2082,2,2,0,1
2090,2,2,0,1
2097,2,2,0,1
2104,2,2,0,1
2112,2,2,0,1
2119,2,2,0,1
2127,2,2,0,1
2134,2,2,0,1
2143,2,2,0,1
2149,2,2,0,1
2158,2,2,0,1
2165,2,2,0,1
2173,2,2,0,1
2181,2,2,0,1
2190,2,2,0,1
2198,2,2,0,1
2206,2,2,0,1
2213,2,2,0,1
2220,2,2,0,1
2233,2,2,0,1
2244,2,2,0,1
2249,2,2,0,1
2259,2,2,0,1
2266,2,2,0,1
2275,2,2,0,1
2281,2,2,0,1
2289,2,2,0,1
2297,2,2,0,1
2304,2,2,0,1
2311,2,2,0,1
2317,2,2,0,1
2325,2,2,0,1
2332,2,2,0,1
2341,2,2,0,1
2348,2,2,0,1
2356,2,2,0,1
2364,2,2,0,1
2372,2,2,0,1
2380,2,2,0,1
2388,2,2,0,1
2396,2,2,0,1
2404,2,2,0,1
2412,2,2,0,1
2419,2,2,0,1
2428,2,2,0,1
2435,3,2,0,1
2443,3,2,0,1
2450,3,2,0,1
2461,3,2,0,1
2467,3,2,0,1
2476,3,2,0,1
2483,3,2,0,1
2491,3,2,0,1
2499,3,2,0,1
2507,3,2,0,1
2514,3,2,0,1
2522,3,2,0,1
2529,3,2,0,1
2536,3,2,0,1
2547,3,2,0,1
2554,3,2,0,1
2562,3,2,0,1
2569,3,2,0,1
2578,3,2,0,1
2584,3,2,0,1
2593,3,2,0,1
2600,3,2,0,1
2609,3,2,0,1
2615,3,2,0,1
2623,3,2,0,1
2630,3,2,0,1
2639,3,2,0,1
2647,3,2,0,1
2655,3,2,0,1
2663,3,2,0,1
2671,3,2,0,1
2679,3,2,0,1
2685,3,2,0,1
2694,3,2,0,1
2701,3,2,0,1
2710,3,2,0,1
2717,3,2,0,1
2725,3,2,0,1
2732,3,2,0,1
2741,3,2,0,1
2749,3,2,0,1
2758,3,2,0,1
2765,3,2,0,1
2774,3,2,0,1
2782,3,2,0,1
2790,3,2,0,1
2798,3,2,0,1
2807,3,2,0,1
2814,3,2,0,1
2823,3,2,0,1
2830,3,2,0,1
2838,3,2,0,1
2845,3,2,0,1
2853,3,2,0,1
2861,3,2,0,1
2868,3,2,0,1
2878,3,2,0,1
2884,3,2,0,1
2893,3,2,0,1
2901,3,2,0,1
2910,3,2,0,1
2918,3,2,0,1
2927,3,2,0,1
2934,3,2,0,1
2944,3,2,0,1
2951,3,2,0,1
2959,3,2,0,1
2966,3,2,0,1
2975,3,2,0,1
2982,3,2,0,1
2990,3,2,0,1
2997,3,2,0,1
3005,3,2,0,1
3012,3,2,0,1
3019,3,2,0,1
3027,3,2,0,1
3032,3,2,0,1
3042,3,2,0,1
3050,3,2,0,1
3060,3,2,0,1
3066,3,2,0,1
3074,3,2,0,1
3081,3,2,0,1
3088,3,2,0,1
3097,3,2,0,1
3105,3,2,0,1
3113,3,2,0,1
3121,3,2,0,1
3129,3,2,0,1
3136,3,2,0,1
3144,3,2,0,1
3151,3,2,0,1
3161,3,2,0,1
3170,3,2,0,1
3178,3,2,0,1
3186,3,2,0,1
3195,3,2,0,1
3201,3,2,0,1
3209,3,2,0,1
3216,4,2,0,1
3224,4,2,0,1
3231,4,2,0,1
3241,4,2,0,1
3247,4,2,0,1
3256,4,2,0,1
3263,4,2,0,1
3271,4,2,0,1
3279,4,2,0,1
3286,4,2,0,1
3295,4,2,0,1
3302,4,2,0,1
3311,4,2,0,1
3318,4,2,0,1
3328,4,2,0,1
3334,4,2,0,1
3344,4,2,0,1
3350,4,2,0,1
3360,4,2,0,1
3366,4,2,0,1
3375,4,2,0,1
3382,4,2,0,1
3390,4,2,0,1
3397,4,2,0,1
3405,4,2,0,1
3420,4,2,0,1
3431,4,2,0,1
3444,4,2,0,1
3451,4,2,0,1
3460,4,2,0,1
3466,4,2,0,1
3476,4,2,0,1
3483,4,2,0,1
3491,4,2,0,1
3499,4,2,0,1
3508,4,2,0,1
3516,4,2,0,1
3524,4,2,0,1
3531,4,2,0,1
3540,4,2,0,1
3547,4,2,0,1
3556,4,2,0,1
3563,4,2,0,1
3571,4,2,0,1
3579,4,2,0,1
3586,4,2,0,1
3595,4,2,0,1
3602,4,2,0,1
3611,4,2,0,1
3618,4,2,0,1
3626,4,2,0,1
3633,4,2,0,1
3642,4,2,0,1
3648,4,2,0,1
3657,4,2,0,1
3664,4,2,0,1
3674,4,2,0,1
3682,4,2,0,1
3691,4,2,0,1
3698,4,2,0,1
3707,4,2,0,1
3715,4,2,0,1
3722,4,2,0,1
3730,4,2,0,1
3738,4,2,0,1
3748,4,2,0,1
3757,4,2,0,1
3764,4,2,0,1
3773,4,2,0,1
3781,4,2,0,1
3789,4,2,0,1
3796,4,2,0,1
3803,4,2,0,1
3811,4,2,0,1
3817,4,2,0,1
3826,4,2,0,1
3833,4,2,0,1
3841,4,2,0,1
3848,4,2,0,1
3857,4,2,0,1
3864,4,2,0,1
3871,4,2,0,1
3879,4,2,0,1
3886,4,2,0,1
3895,4,2,0,1
3902,4,2,0,1
3912,4,2,0,1
3920,4,2,0,1
3929,4,2,0,1
3936,4,2,0,1
3945,4,2,0,1
3953,5,3,0,1
3961,5,3,0,1
3968,5,3,0,1
3976,5,3,0,1
3983,5,3,0,1
3991,5,3,0,1
3999,5,3,0,1
4007,5,3,0,1
4015,5,3,0,1
4023,5,3,0,1
4031,5,3,0,1
4040,5,3,0,1
4046,5,3,0,1
4053,5,3,0,1
4061,5,3,0,1
4067,5,3,0,1
4075,5,3,0,1
4082,5,3,0,1
4090,5,3,0,1
4098,5,3,0,1
4105,5,3,0,1
4113,5,3,0,1
4122,5,3,0,1
4129,5,3,0,1
4136,5,3,0,1
4145,5,3,0,1
4151,5,3,0,1
4159,5,3,0,1
4166,5,3,0,1
4174,5,3,0,1
4182,5,3,0,1
4190,5,3,0,1
4197,5,3,0,1
4204,5,3,0,1
4211,5,3,0,1
4218,5,3,0,1
4226,5,3,0,1
4233,5,3,0,1
4242,5,3,0,1
4249,5,3,0,1
4258,5,3,0,1
4265,5,3,0,1
4272,5,3,0,1
4278,5,3,0,1
4286,5,3,0,1
4295,5,3,0,1
4301,5,3,0,1
4309,5,3,0,1
4317,5,3,0,1
4325,5,3,0,1
4332,5,3,0,1
4341,5,3,0,1
4347,5,3,0,1
4356,5,3,0,1
4364,5,3,0,1
4372,5,3,0,1
4380,5,3,0,1
4388,5,3,0,1
4396,5,3,0,1
4403,5,3,0,1
4411,5,3,0,1
4417,5,3,0,1
4426,5,3,0,1
4433,5,3,0,1
4441,5,3,0,1
4448,5,3,0,1
4457,5,3,0,1
4464,5,3,0,1
4472,5,3,0,1
4480,5,3,0,1
4487,5,3,0,1
4496,5,3,0,1
4504,5,3,0,1
4511,5,3,0,1
4519,5,3,0,1
4526,5,3,0,1
4536,5,3,0,1
4545,5,3,0,1
4552,5,3,0,1
4561,5,3,0,1
4567,6,4,0,1
4576,6,4,0,1
4583,6,4,0,1
4591,6,4,0,1
4604,6,4,0,1
4611,6,4,0,1
4620,6,4,0,1
4628,6,4,0,1
4637,6,4,0,1
4645,6,4,0,1
4653,6,4,0,1
4662,6,4,0,1
4669,6,4,0,1
4678,6,4,0,1
4685,6,4,0,1
4693,6,4,0,1
4700,6,4,0,1
4708,6,4,0,1
4716,6,4,0,1
4725,6,4,0,1
4731,6,4,0,1
4740,6,4,0,1
4747,6,4,0,1
4755,6,4,0,1
4762,6,4,0,1
4769,6,4,0,1
4778,6,4,0,1
4783,6,4,0,1
4792,6,4,0,1
4800,6,4,0,1
4808,6,4,0,1
4815,6,4,0,1
4823,6,4,0,1
4830,6,4,0,1
4838,6,4,0,1
4845,6,4,0,1
4852,6,4,0,1
4860,6,4,0,1
4866,6,4,0,1
4874,6,4,0,1
4881,6,4,0,1
4889,6,4,0,1
4896,6,4,0,1
4904,6,4,0,1
4912,6,4,0,1
4920,6,4,0,1
4928,6,4,0,1
4936,6,4,0,1
4944,6,4,0,1
4950,6,4,0,1
4959,6,4,0,1
4965,6,4,0,1
4974,6,4,0,1
4981,6,4,0,1
4988,6,4,0,1
4996,6,4,0,1
5004,6,4,0,1
5012,6,4,0,1
5019,6,4,0,1
5028,6,4,0,1
5034,6,4,0,1
5044,6,4,0,1
5050,6,4,0,1
5061,6,4,0,1
5070,6,4,0,1
5078,6,4,0,1
5084,6,4,0,1
5092,6,4,0,1
5099,6,4,0,1
5107,6,4,0,1
5114,6,4,0,1
5122,7,4,0,1
5129,7,4,0,1
5138,7,4,0,1
5145,7,4,0,1
5152,7,4,0,1
5159,7,4,0,1
5167,7,4,0,1
5175,7,4,0,1
5182,7,4,0,1
5190,7,4,0,1
5197,7,4,0,1
5205,7,4,0,1
5214,7,4,0,1
5222,7,4,0,1
5231,7,4,0,1
5239,7,4,0,1
5246,7,4,0,1
5253,7,4,0,1
5260,7,4,0,1
5268,7,4,0,1
5276,7,4,0,1
5282,7,4,0,1
5290,7,4,0,1
5297,7,4,0,1
5305,7,4,0,1
5312,7,4,0,1
5320,7,4,0,1
5327,7,4,0,1
5333,7,4,0,1
5342,7,4,0,1
5349,7,4,0,1
5357,7,4,0,1
5364,7,4,0,1
5371,7,4,0,1
5377,7,4,0,1
5384,7,4,0,1
5392,7,4,0,1
5399,7,4,0,1
5408,8,4,0,1
5415,8,4,0,1
5423,8,4,0,1
5431,8,4,0,1
5439,8,4,0,1
5446,8,4,0,1
5454,8,4,0,1
5463,8,4,0,1
5471,8,4,0,1
5479,8,4,0,1
5487,8,4,0,1
5495,8,4,0,1
5502,8,4,0,1
5510,8,4,0,1
5517,8,4,0,1
5526,8,4,0,1
5533,8,4,0,1
5542,8,4,0,1
5549,8,4,0,1
5558,8,4,0,1
5565,8,4,0,1
5572,8,4,0,1
5580,8,4,0,1
5588,8,4,0,1
5596,8,4,0,1
5603,8,4,0,1
5611,8,4,0,1
5618,8,4,0,1
5625,8,4,0,1
5632,8,4,0,1
5641,8,4,0,1
5648,8,4,0,1
5656,8,4,0,1
5664,8,4,0,1
5672,8,4,0,1
5680,8,4,0,1
5687,8,4,0,1
5694,8,4,0,1
5702,8,4,0,1
5710,9,4,0,1
5717,9,4,0,1
5726,9,4,0,1
5733,9,4,0,1
5748,9,4,0,1
5757,9,4,0,1
5763,9,4,0,1
5771,9,4,0,1
5779,9,4,0,1
5787,9,4,0,1
5795,9,4,0,1
5802,9,4,0,1
5810,9,4,0,1
5817,9,4,0,1
5826,9,4,0,1
5833,9,4,0,1
5844,9,4,0,1
5850,9,4,0,1
5861,9,4,0,1
5866,9,4,0,1
5875,9,4,0,1
5882,9,4,0,1
5890,9,4,0,1
5897,9,4,0,1
5906,9,4,0,1
5914,9,4,0,1
5922,9,4,0,1
5931,9,4,0,1
5940,9,4,0,1
5947,9,4,0,1
5956,9,4,0,1
5963,9,4,0,1
5970,9,4,0,1
5978,9,4,0,1
5985,9,4,0,1
5993,9,4,0,1
5999,9,4,0,1
6008,9,4,0,1
6015,9,4,0,1
6023,9,4,0,1
6030,9,4,0,1
6039,9,4,0,1
6045,9,4,0,1
6052,9,4,0,1
6060,9,4,0,1
6066,9,4,0,1
6075,9,4,0,1
6082,9,4,0,1
6091,9,4,0,1
6097,9,4,0,1
6105,9,4,0,1
6112,9,4,0,1
6119,9,4,0,1
6129,9,4,0,1
6137,9,4,0,1
6145,9,4,0,1
6151,9,4,0,1
6159,9,4,0,1
6166,9,4,0,1
6174,9,4,0,1
6181,9,4,0,1
6189,9,4,0,1
6196,9,4,0,1
6203,9,4,0,1
6211,9,4,0,1
6219,9,4,0,1
6227,9,4,0,1
6233,9,4,0,1
6242,9,4,0,1
6251,9,4,0,1
6259,9,4,0,1
6268,9,4,0,1
6276,9,4,0,1
6283,9,4,0,1
6291,9,4,0,1
6298,9,4,0,1
6307,9,4,0,1
6314,9,4,0,1
6322,10,5,0,1
0,0,0,0,2
54,0,0,0,2
92,0,0,0,2
102,0,0,0,2
109,0,0,0,2
116,0,0,0,2
126,0,0,0,2
133,0,0,0,2
142,0,0,0,2
150,0,0,0,2
157,0,0,0,2
164,0,0,0,2
170,0,0,0,2
178,0,0,0,2
184,0,0,0,2
190,0,0,0,2
199,0,0,0,2
204,0,0,0,2
213,0,0,0,2
219,0,0,0,2
225,0,0,0,2
232,0,0,0,2
239,0,0,0,2
247,0,0,0,2
253,0,0,0,2
260,0,0,0,2
266,0,0,0,2
274,0,0,0,2
280,0,0,0,2
287,0,0,0,2
296,0,0,0,2
303,0,0,0,2
310,0,0,0,2
318,0,0,0,2
325,0,0,0,2
332,0,0,0,2
338,0,0,0,2
346,0,0,0,2
352,0,0,0,2
361,0,0,0,2
367,0,0,0,2
372,0,0,0,2
381,0,0,0,2
387,0,0,0,2
396,0,0,0,2
403,0,0,0,2
412,0,0,0,2
418,0,0,0,2
428,0,0,0,2
435,0,0,0,2
443,0,0,0,2
451,0,0,0,2
458,0,0,0,2
466,0,0,0,2
471,0,0,0,2
480,0,0,0,2
487,0,0,0,2
498,0,0,0,2
505,0,0,0,2
514,0,0,0,2
521,0,0,0,2
530,0,0,0,2
537,0,0,0,2
546,0,0,0,2
553,0,0,0,2
564,0,0,0,2
570,0,0,0,2
580,0,0,0,2
586,0,0,0,2
594,0,0,0,2
601,0,0,0,2
610,0,0,0,2
618,0,0,0,2
627,0,0,0,2
634,0,0,0,2
643,0,0,0,2
651,0,0,0,2
659,0,0,0,2
666,0,0,0,2
672,0,0,0,2
681,0,0,0,2
688,0,0,0,2
698,0,0,0,2
704,0,0,0,2
713,0,0,0,2
721,0,0,0,2
730,0,0,0,2
738,0,0,0,2
747,0,0,0,2
754,0,0,0,2
763,0,0,0,2
770,0,0,0,2
781,0,0,0,2
788,0,0,0,2
799,0,0,0,2
803,0,0,0,2
813,0,0,0,2
820,0,0,0,2
828,0,0,0,2
834,0,0,0,2
842,0,0,0,2
849,0,0,0,2
857,0,0,0,2
865,0,0,0,2
870,0,0,0,2
880,0,0,0,2
886,0,0,0,2
894,0,0,0,2
900,0,0,0,2
907,0,0,0,2
914,0,0,0,2
922,0,0,0,2
930,0,0,0,2
937,0,0,0,2
946,0,0,0,2
952,0,0,0,2
960,1,1,0,2
967,1,1,0,2
974,1,1,0,2
983,1,1,0,2
988,1,1,0,2
998,1,1,0,2
1004,1,1,0,2
1014,1,1,0,2
1021,1,1,0,2
1029,1,1,0,2
1036,1,1,0,2
1044,1,1,0,2
1051,1,1,0,2
1063,1,1,0,2
1073,1,1,0,2
1082,1,1,0,2
1088,1,1,0,2
1097,1,1,0,2
1103,1,1,0,2
1111,1,1,0,2
1118,1,1,0,2
1124,1,1,0,2
1133,1,1,0,2
1140,1,1,0,2
1149,1,1,0,2
1157,1,1,0,2
1166,1,1,0,2
1172,1,1,0,2
1182,1,1,0,2
1188,1,1,0,2
1198,1,1,0,2
1205,1,1,0,2
1213,1,1,0,2
1220,1,1,0,2
1229,1,1,0,2
1235,1,1,0,2
1243,1,1,0,2
1250,1,1,0,2
1259,1,1,0,2
1266,1,1,0,2
1274,1,1,0,2
1282,1,1,0,2
1289,1,1,0,2
1299,1,1,0,2
1305,1,1,0,2
1314,1,1,0,2
1321,1,1,0,2
1330,1,1,0,2
1338,1,1,0,2
1347,1,1,0,2
1353,1,1,0,2
1363,1,1,0,2
1369,1,1,0,2
1378,1,1,0,2
1384,1,1,0,2
1392,1,1,0,2
1400,1,1,0,2
1407,1,1,0,2
1415,1,1,0,2
1421,1,1,0,2
1429,1,1,0,2
1436,1,1,0,2
1444,1,1,0,2
1451,1,1,0,2
1459,1,1,0,2
1466,1,1,0,2
1473,1,1,0,2
1481,1,1,0,2
1486,1,1,0,2
1494,1,1,0,2
1502,1,1,0,2
1510,1,1,0,2
1517,1,1,0,2
1523,1,1,0,2
1531,1,1,0,2
1538,1,1,0,2
1547,1,1,0,2
1553,1,1,0,2
1561,1,1,0,2
1569,1,1,0,2
1578,1,1,0,2
1585,1,1,0,2
1594,1,1,0,2
1602,1,1,0,2
1610,1,1,0,2
1618,1,1,0,2
1626,1,1,0,2
1633,1,1,0,2
1641,1,1,0,2
1650,1,1,0,2
1657,1,1,0,2
1666,1,1,0,2
1673,1,1,0,2
1683,1,1,0,2
1690,1,1,0,2
1699,1,1,0,2
1705,1,1,0,2
1713,1,1,0,2
1720,1,1,0,2
1728,1,1,0,2
1736,1,1,0,2
1745,1,1,0,2
1753,1,1,0,2
1763,1,1,0,2
1771,1,1,0,2
1781,1,1,0,2
1787,1,1,0,2
1797,1,1,0,2
1803,1,1,0,2
1811,1,1,0,2
1818,1,1,0,2
1826,1,1,0,2
1836,1,1,0,2
1844,1,1,0,2
1851,1,1,0,2
1860,1,1,0,2
1867,1,1,0,2
1875,1,1,0,2
1883,1,1,0,2
1891,1,1,0,2
1899,1,1,0,2
1904,1,1,0,2
1914,1,1,0,2
1920,1,1,0,2
1928,1,1,0,2
1936,1,1,0,2
1945,1,1,0,2
1952,1,1,0,2
1960,1,1,0,2
1967,1,1,0,2
1974,1,1,0,2
1982,1,1,0,2
1988,1,1,0,2
1997,1,1,0,2
2003,1,1,0,2
2012,1,1,0,2
2019,1,1,0,2
2028,1,1,0,2
2036,1,1,0,2
2045,1,1,0,2
2052,1,1,0,2
2061,1,1,0,2
2068,1,1,0,2
2077,1,1,0,2
2084,1,1,0,2
2093,1,1,0,2
2101,1,1,0,2
2108,1,1,0,2
2117,1,1,0,2
2124,1,1,0,2
2132,1,1,0,2
2139,1,1,0,2
2148,1,1,0,2
2154,1,1,0,2
2164,1,1,0,2
2170,1,1,0,2
2178,1,1,0,2
2185,1,1,0,2
2193,1,1,0,2
2201,1,1,0,2
2209,1,1,0,2
2216,1,1,0,2
2228,1,1,0,2
2239,1,1,0,2
2247,1,1,0,2
2253,1,1,0,2
2263,1,1,0,2
2270,1,1,0,2
2280,1,1,0,2
2286,1,1,0,2
2296,1,1,0,2
2302,1,1,0,2
2310,1,1,0,2
2317,1,1,0,2
2324,1,1,0,2
2332,1,1,0,2
2339,1,1,0,2
2348,1,1,0,2
2354,1,1,0,2
2363,1,1,0,2
2369,1,1,0,2
2378,1,1,0,2
2384,1,1,0,2
2391,1,1,0,2
2399,1,1,0,2
2405,1,1,0,2
2415,1,1,0,2
2422,1,1,0,2
2431,1,1,0,2
2437,1,1,0,2
2445,1,1,0,2
2452,1,1,0,2
2461,1,1,0,2
2467,1,1,0,2
2476,1,1,0,2
2483,1,1,0,2
2490,1,1,0,2
2498,1,1,0,2
2504,1,1,0,2
2512,1,1,0,2
2520,1,1,0,2
2529,1,1,0,2
2536,1,1,0,2
2544,1,1,0,2
2552,1,1,0,2
2561,1,1,0,2
2568,1,1,0,2
2576,1,1,0,2
2583,1,1,0,2
2589,1,1,0,2
2598,1,1,0,2
2604,1,1,0,2
2613,1,1,0,2
2619,1,1,0,2
2627,1,1,0,2
2634,1,1,0,2
2641,1,1,0,2
2650,1,1,0,2
2658,1,1,0,2
2665,1,1,0,2
2672,1,1,0,2
2682,1,1,0,2
2688,1,1,0,2
2698,1,1,0,2
2705,1,1,0,2
2714,1,1,0,2
2720,1,1,0,2
2729,1,1,0,2
2735,1,1,0,2
2743,1,1,0,2
2750,1,1,0,2
2758,1,1,0,2
2766,1,1,0,2
2771,1,1,0,2
2782,1,1,0,2
2788,1,1,0,2
2797,1,1,0,2
2804,1,1,0,2
2812,1,1,0,2
2819,1,1,0,2
2827,1,1,0,2
2835,1,1,0,2
2844,1,1,0,2
2851,1,1,0,2
2860,1,1,0,2
2867,1,1,0,2
2877,1,1,0,2
2885,1,1,0,2
2893,1,1,0,2
2901,1,1,0,2
2909,1,1,0,2
2917,1,1,0,2
2924,1,1,0,2
2932,1,1,0,2
2939,1,1,0,2
2948,1,1,0,2
2954,1,1,0,2
2963,1,1,0,2
2969,1,1,0,2
2978,1,1,0,2
2985,1,1,0,2
2992,1,1,0,2
3000,1,1,0,2
3008,1,1,0,2
3015,1,1,0,2
3021,1,1,0,2
3030,1,1,0,2
3036,1,1,0,2
3044,1,1,0,2
3052,1,1,0,2
3060,1,1,0,2
3067,1,1,0,2
3076,1,1,0,2
3083,1,1,0,2
3091,1,1,0,2
3101,1,1,0,2
3109,1,1,0,2
3117,1,1,0,2
3125,1,1,0,2
3132,1,1,0,2
3140,1,1,0,2
3148,1,1,0,2
3154,1,1,0,2
3164,1,1,0,2
3170,1,1,0,2
3179,1,1,0,2
3186,1,1,0,2
3194,1,1,0,2
3201,1,1,0,2
3209,1,1,0,2
3217,1,1,0,2
3226,1,1,0,2
3233,1,1,0,2
3240,1,1,0,2
3248,1,1,0,2
3255,1,1,0,2
3264,1,1,0,2
3269,1,1,0,2
3278,1,1,0,2
3285,1,1,0,2
3293,1,1,0,2
3301,1,1,0,2
3308,1,1,0,2
3316,1,1,0,2
3322,1,1,0,2
3331,1,1,0,2
3338,1,1,0,2
3348,1,1,0,2
3354,1,1,0,2
3364,1,1,0,2
3370,1,1,0,2
3379,1,1,0,2
3389,1,1,0,2
3402,1,1,0,2
3410,1,1,0,2
3417,1,1,0,2
3425,1,1,0,2
3432,1,1,0,2
3440,1,1,0,2
3448,1,1,0,2
3454,1,1,0,2
3463,1,1,0,2
3469,1,1,0,2
3479,1,1,0,2
3486,1,1,0,2
3495,1,1,0,2
3501,1,1,0,2
3509,1,1,0,2
3517,1,1,0,2
3523,1,1,0,2
3531,1,1,0,2
3539,1,1,0,2
3547,1,1,0,2
3553,1,1,0,2
3562,1,1,0,2
3569,1,1,0,2
3578,1,1,0,2
3585,1,1,0,2
3593,1,1,0,2
3600,1,1,0,2
3608,1,1,0,2
3616,1,1,0,2
3623,1,1,0,2
3631,1,1,0,2
3638,1,1,0,2
3647,1,1,0,2
3653,1,1,0,2
3662,1,1,0,2
3669,1,1,0,2
3678,1,1,0,2
3684,1,1,0,2
3692,1,1,0,2
3700,1,1,0,2
3707,1,1,0,2
3716,1,1,0,2
3722,1,1,0,2
3731,1,1,0,2
3737,1,1,0,2
3746,1,1,0,2
3751,1,1,0,2
3760,1,1,0,2
3767,1,1,0,2
3774,1,1,0,2
3784,1,1,0,2
3792,1,1,0,2
3800,1,1,0,2
3807,1,1,0,2
3816,1,1,0,2
3823,1,1,0,2
3831,1,1,0,2
3837,1,1,0,2
3845,1,1,0,2
3851,1,1,0,2
3860,1,1,0,2
3867,1,1,0,2
3874,1,1,0,2
3882,1,1,0,2
3890,1,1,0,2
3898,1,1,0,2
3904,1,1,0,2
3913,1,1,0,2
3921,1,1,0,2
3930,1,1,0,2
3937,1,1,0,2
3945,1,1,0,2
3952,1,1,0,2
3960,1,1,0,2
3967,1,1,0,2
3975,1,1,0,2
3983,1,1,0,2
3990,1,1,0,2
3999,2,1,0,2
4005,2,1,0,2
4014,2,1,0,2
4021,2,1,0,2
4030,2,1,0,2
4037,2,1,0,2
4046,2,1,0,2
4052,2,1,0,2
4060,2,1,0,2
4067,2,1,0,2
4075,2,1,0,2
4082,2,1,0,2
4088,2,1,0,2
4097,2,1,0,2
4103,2,1,0,2
4111,2,1,0,2
4118,2,1,0,2
4126,2,1,0,2
4133,2,1,0,2
4142,2,1,0,2
4149,2,1,0,2
4158,2,1,0,2
4165,2,1,0,2
4171,2,1,0,2
4180,2,1,0,2
4186,2,1,0,2
4196,2,1,0,2
4203,2,1,0,2
4211,2,1,0,2
4218,2,1,0,2
4228,2,1,0,2
4233,2,1,0,2
4240,2,1,0,2
4248,2,1,0,2
4255,2,1,0,2
4264,2,1,0,2
4270,2,1,0,2
4278,2,1,0,2
4285,2,1,0,2
4294,2,1,0,2
4302,2,1,0,2
4311,2,1,0,2
4318,2,1,0,2
4327,2,1,0,2
4334,2,1,0,2
4344,2,1,0,2
4351,2,1,0,2
4360,2,1,0,2
4367,2,1,0,2
4377,2,1,0,2
4384,2,1,0,2
4392,2,1,0,2
4400,2,1,0,2
4409,2,1,0,2
4416,2,1,0,2
4423,2,1,0,2
4431,2,1,0,2
4438,2,1,0,2
4446,2,1,0,2
4452,2,1,0,2
4461,2,1,0,2
4468,2,1,0,2
4477,2,1,0,2
4484,2,1,0,2
4493,2,1,0,2
4501,2,1,0,2
4509,2,1,0,2
4517,2,1,0,2
4525,2,1,0,2
4532,2,1,0,2
4540,2,1,0,2
4549,2,1,0,2
4561,2,1,0,2
4572,2,1,0,2
4581,2,1,0,2
4587,2,1,0,2
4596,2,1,0,2
4603,2,1,0,2
4612,2,1,0,2
4620,2,1,0,2
4629,2,1,0,2
4635,2,1,0,2
4644,2,1,0,2
4652,2,1,0,2
4662,2,1,0,2
4670,2,1,0,2
4680,2,1,0,2
4686,2,1,0,2
4694,2,1,0,2
4701,3,1,0,2
4710,3,1,0,2
4718,3,1,0,2
4726,3,1,0,2
4733,3,1,0,2
4742,3,1,0,2
4749,3,1,0,2
4758,3,1,0,2
4766,3,1,0,2
4773,3,1,0,2
4783,3,1,0,2
4790,3,1,0,2
4798,3,1,0,2
4804,3,1,0,2
4814,3,1,0,2
4821,3,1,0,2
4830,3,1,0,2
4837,3,1,0,2
4847,3,1,0,2
4853,3,1,0,2
4861,3,1,0,2
4868,3,1,0,2
4880,3,1,0,2
4886,3,1,0,2
4896,3,1,0,2
4902,3,1,0,2
4911,3,1,0,2
4918,3,1,0,2
4927,3,1,0,2
4934,3,1,0,2
4943,3,1,0,2
4950,3,1,0,2
4959,3,1,0,2
4966,3,1,0,2
4976,3,1,0,2
4983,3,1,0,2
4992,3,1,0,2
4999,3,1,0,2
5007,3,1,0,2
5015,3,1,0,2
5025,3,1,0,2
5034,3,1,0,2
5043,3,1,0,2
5050,3,1,0,2
5059,3,1,0,2
5067,3,1,0,2
5074,3,1,0,2
5082,3,1,0,2
5089,3,1,0,2
5098,3,1,0,2
5104,3,1,0,2
5113,3,1,0,2
5120,3,1,0,2
5129,3,1,0,2
5135,3,1,0,2
5144,3,1,0,2
5151,3,1,0,2
5160,3,1,0,2
5167,3,1,0,2
5175,3,1,0,2
5182,3,1,0,2
5187,3,1,0,2
5197,3,1,0,2
5204,3,1,0,2
5213,3,1,0,2
5220,3,1,0,2
5229,3,1,0,2
5236,3,1,0,2
5244,3,1,0,2
5251,3,1,0,2
5259,3,1,0,2
5266,3,1,0,2
5274,3,1,0,2
5282,3,1,0,2
5289,3,1,0,2
5298,3,1,0,2
5305,3,1,0,2
5313,3,1,0,2
5319,3,1,0,2
5328,3,1,0,2
5334,3,1,0,2
5342,3,1,0,2
5349,3,1,0,2
5358,3,1,0,2
5365,3,1,0,2
5372,3,1,0,2
5380,3,1,0,2
5387,3,1,0,2
5397,3,1,0,2
5403,3,1,0,2
5412,3,1,0,2
5419,3,1,0,2
5427,3,1,0,2
5435,3,1,0,2
5444,3,1,0,2
5451,3,1,0,2
5460,3,1,0,2
5467,3,1,0,2
5475,3,1,0,2
5483,3,1,0,2
5491,3,1,0,2
5499,3,1,0,2
5506,3,1,0,2
5514,3,1,0,2
5521,3,1,0,2
5531,3,1,0,2
5538,3,1,0,2
5546,3,1,0,2
5553,3,1,0,2
5562,3,1,0,2
5568,3,1,0,2
5577,3,1,0,2
5584,3,1,0,2
5593,3,1,0,2
5601,3,1,0,2
5609,3,1,0,2
5616,3,1,0,2
5623,3,1,0,2
5631,3,1,0,2
5638,3,1,0,2
5646,3,1,0,2
5654,3,1,0,2
5663,3,1,0,2
5669,3,1,0,2
5678,3,1,0,2
5685,3,1,0,2
5692,3,1,0,2
5700,3,1,0,2
5708,3,1,0,2
5716,3,1,0,2
5725,3,1,0,2
5732,3,1,0,2
5741,3,1,0,2
5748,3,1,0,2
5758,3,1,0,2
5769,3,1,0,2
5778,3,1,0,2
5785,3,1,0,2
5794,3,1,0,2
5803,3,1,0,2
5812,3,1,0,2
5819,3,1,0,2
5829,3,1,0,2
5835,3,1,0,2
5846,3,1,0,2
5852,3,1,0,2
5862,3,1,0,2
5869,3,1,0,2
5879,3,1,0,2
5885,3,1,0,2
5894,3,1,0,2
5902,3,1,0,2
5910,3,1,0,2
5917,3,1,0,2
5926,3,1,0,2
5934,3,1,0,2
5943,3,1,0,2
5950,3,1,0,2
5958,3,1,0,2
5965,3,1,0,2
5971,3,1,0,2
5980,3,1,0,2
5987,3,1,0,2
5997,3,1,0,2
6003,3,1,0,2
6013,3,1,0,2
6020,3,1,0,2
6029,3,1,0,2
6036,3,1,0,2
6046,3,1,0,2
6052,3,1,0,2
6061,3,1,0,2
6067,3,1,0,2
6076,3,1,0,2
6084,3,1,0,2
6092,3,1,0,2
6102,3,1,0,2
6110,3,1,0,2
6120,3,1,0,2
6129,3,1,0,2
6135,3,1,0,2
6143,3,1,0,2
6150,3,1,0,2
6160,3,1,0,2
6167,3,1,0,2
6175,3,1,0,2
6182,3,1,0,2
6190,3,1,0,2
6198,3,1,0,2
6206,3,1,0,2
6214,3,1,0,2
6220,3,1,0,2
6229,3,1,0,2
6236,3,1,0,2
6245,3,1,0,2
6254,3,1,0,2
6264,3,1,0,2
6270,3,1,0,2
6280,3,1,0,2
6286,3,1,0,2
6296,3,1,0,2
6302,3,1,0,2
6312,3,1,0,2
6319,3,1,0,2
6327,3,1,0,2
6334,3,1,0,2
6343,3,1,0,2
6350,3,1,0,2
6359,3,1,0,2
6366,3,1,0,2
6375,3,1,0,2
6383,3,1,0,2
6391,3,1,0,2
6399,3,1,0,2
6407,3,1,0,2
6416,3,1,0,2
6424,3,1,0,2
6431,3,1,0,2
6439,3,1,0,2
6447,4,1,0,2
6454,4,1,0,2
6463,4,1,0,2
6470,4,1,0,2
6479,4,1,0,2
6485,4,1,0,2
6494,4,1,0,2
6501,4,1,0,2
6510,4,1,0,2
6517,4,1,0,2
6525,4,1,0,2
6533,4,1,0,2
6541,4,1,0,2
6549,4,1,0,2
6558,4,1,0,2
6565,4,1,0,2
6572,4,1,0,2
6581,4,1,0,2
6587,4,1,0,2
6597,4,1,0,2
6603,4,1,0,2
6611,4,1,0,2
6618,4,1,0,2
6627,4,1,0,2
6634,4,1,0,2
6643,4,1,0,2
6652,4,1,0,2
6661,4,1,0,2
6668,4,1,0,2
6678,4,1,0,2
6684,4,1,0,2
6693,4,1,0,2
6703,4,1,0,2
6712,4,1,0,2
6719,4,1,0,2
6727,4,1,0,2
6734,4,1,0,2
6744,4,1,0,2
6751,4,1,0,2
6760,4,1,0,2
6767,4,1,0,2
6775,4,1,0,2
6783,4,1,0,2
6790,4,1,0,2
6799,4,1,0,2
6807,4,1,0,2
6815,4,1,0,2
6822,4,1,0,2
6831,4,1,0,2
6839,4,1,0,2
6848,4,1,0,2
6855,4,1,0,2
6864,4,1,0,2
6870,4,1,0,2
6880,4,1,0,2
6886,4,1,0,2
6896,4,1,0,2
6902,4,1,0,2
6911,4,1,0,2
6918,4,1,0,2
6926,4,1,0,2
6933,4,1,0,2
6942,4,1,0,2
6949,4,1,0,2
6958,4,1,0,2
6965,4,1,0,2
6972,4,1,0,2
6980,4,1,0,2
6992,4,1,0,2
7000,4,1,0,2
7008,4,1,0,2
7016,4,1,0,2
7024,4,1,0,2
7032,4,1,0,2
7040,4,1,0,2
7048,4,1,0,2
7057,4,1,0,2
7065,4,1,0,2
7072,4,1,0,2
7080,4,1,0,2
7087,4,1,0,2
7097,4,1,0,2
7103,4,1,0,2
7112,4,1,0,2
7119,4,1,0,2
7128,4,1,0,2
7134,4,1,0,2
7142,4,1,0,2
7149,4,1,0,2
7158,4,1,0,2
7164,4,1,0,2
7170,4,1,0,2
7179,4,1,0,2
7185,4,1,0,2
7193,4,1,0,2
7201,4,1,0,2
7209,4,1,0,2
7216,4,1,0,2
7224,4,1,0,2
7231,4,1,0,2
7239,4,1,0,2
7247,4,1,0,2
7253,4,1,0,2
7263,4,1,0,2
7269,4,1,0,2
7278,4,1,0,2
7285,4,1,0,2
7293,4,1,0,2
7300,4,1,0,2
7308,4,1,0,2
7315,4,1,0,2
7323,4,1,0,2
7330,4,1,0,2
7337,4,1,0,2
7346,4,1,0,2
7353,4,1,0,2
7362,4,1,0,2
7369,4,1,0,2
7378,4,1,0,2
7384,4,1,0,2
7392,4,1,0,2
7400,4,1,0,2
7409,4,1,0,2
7417,4,1,0,2
7426,4,1,0,2
7435,4,1,0,2
7444,4,1,0,2
7451,4,1,0,2
7460,4,1,0,2
7467,4,1,0,2
7475,4,1,0,2
7482,4,1,0,2
7489,4,1,0,2
7497,4,1,0,2
7503,4,1,0,2
7511,4,1,0,2
7518,4,1,0,2
7526,4,1,0,2
7534,4,1,0,2
7542,4,1,0,2
7549,4,1,0,2
7558,4,1,0,2
7565,4,1,0,2
7573,4,1,0,2
7581,4,1,0,2
7588,4,1,0,2
7596,4,1,0,2
7602,4,1,0,2
7610,4,1,0,2
7618,4,1,0,2
7626,4,1,0,2
7633,5,1,0,2
7641,5,1,0,2
7648,5,1,0,2
7656,5,1,0,2
7664,5,1,0,2
7672,5,1,0,2
7680,5,1,0,2
7687,5,1,0,2
7696,5,1,0,2
7702,5,1,0,2
7710,5,1,0,2
7717,5,1,0,2
7725,5,1,0,2
7732,5,1,0,2
7741,5,1,0,2
7748,5,1,0,2
7754,5,1,0,2
7762,5,1,0,2
7770,5,1,0,2
7779,5,1,0,2
7785,5,1,0,2
7793,5,1,0,2
7801,5,1,0,2
7810,5,1,0,2
7817,5,1,0,2
7826,5,1,0,2
7834,5,1,0,2
7842,5,1,0,2
7849,5,1,0,2
7856,5,1,0,2
7864,5,1,0,2
7869,5,1,0,2
7879,5,1,0,2
7885,5,1,0,2
7893,5,1,0,2
7900,5,1,0,2
7907,5,1,0,2
7914,5,1,0,2
7921,5,1,0,2
7929,5,1,0,2
7935,5,1,0,2
7943,5,1,0,2
7949,5,1,0,2
7957,5,1,0,2
7964,5,1,0,2
7970,5,1,0,2
7978,5,1,0,2
7985,5,1,0,2
7993,5,1,0,2
7999,5,1,0,2
8007,5,1,0,2
8014,5,1,0,2
8022,5,1,0,2
8030,5,1,0,2
8036,5,1,0,2
8045,5,1,0,2
8051,5,1,0,2
8060,5,1,0,2
8067,5,1,0,2
8076,5,1,0,2
8083,5,1,0,2
8091,5,1,0,2
8099,5,1,0,2
8106,5,1,0,2
8115,5,1,0,2
8123,5,1,0,2
8131,5,1,0,2
8138,5,1,0,2
8147,5,1,0,2
8156,5,1,0,2
8168,5,1,0,2
8177,5,1,0,2
8185,5,1,0,2
8193,5,1,0,2
8201,5,1,0,2
8210,5,1,0,2
8217,5,1,0,2
8226,5,1,0,2
8233,5,1,0,2
8243,5,1,0,2
8250,5,1,0,2
8259,5,1,0,2
8266,5,1,0,2
8275,5,1,0,2
8283,5,1,0,2
8291,5,1,0,2
8299,5,1,0,2
8307,6,2,0,2
8314,6,2,0,2
8322,6,2,0,2
8331,6,2,0,2
8341,6,2,0,2
8349,6,2,0,2
8358,6,2,0,2
8365,6,2,0,2
8373,6,2,0,2
8382,6,2,0,2
8387,6,2,0,2
8397,6,2,0,2
8403,6,2,0,2
8411,6,2,0,2
8419,6,2,0,2
8428,6,2,0,2
8435,6,2,0,2
8444,6,2,0,2
8451,6,2,0,2
8460,6,2,0,2
8467,6,2,0,2
8475,6,2,0,2
8483,6,2,0,2
8490,6,2,0,2
8498,6,2,0,2
8507,6,2,0,2
8514,6,2,0,2
8524,6,2,0,2
8531,6,2,0,2
8538,6,2,0,2
8546,6,2,0,2
8552,6,2,0,2
8560,6,2,0,2
8567,6,2,0,2
8576,6,2,0,2
8583,6,2,0,2
8591,6,2,0,2
8600,6,2,0,2
8608,6,2,0,2
8616,6,2,0,2
8624,6,2,0,2
8631,6,2,0,2
8639,6,2,0,2
8647,6,2,0,2
8654,6,2,0,2
8663,6,2,0,2
8671,6,2,0,2
8680,6,2,0,2
8688,6,2,0,2
8697,6,2,0,2
8703,6,2,0,2
8712,6,2,0,2
8719,6,2,0,2
8727,6,2,0,2
8735,6,2,0,2
8744,6,2,0,2
8751,6,2,0,2
8760,6,2,0,2
8767,6,2,0,2
8777,6,2,0,2
8784,6,2,0,2
8792,6,2,0,2
8800,6,2,0,2
8810,6,2,0,2
8818,6,2,0,2
8828,6,2,0,2
8836,6,2,0,2
8844,6,2,0,2
8851,6,2,0,2
8860,6,2,0,2
8867,6,2,0,2
8876,6,2,0,2
8883,6,2,0,2
8890,7,3,0,2
8898,7,3,0,2
8905,7,3,0,2
8912,7,3,0,2
8919,7,3,0,2
8927,7,3,0,2
8934,7,3,0,2
8941,7,3,0,2
8948,7,3,0,2
8955,7,3,0,2
8962,7,3,0,2
8968,7,3,0,2
8977,7,3,0,2
8983,7,3,0,2
8991,7,3,0,2
8998,7,3,0,2
9005,7,3,0,2
9013,7,3,0,2
9019,7,3,0,2
9026,7,3,0,2
9033,7,3,0,2
9041,7,3,0,2
9048,7,3,0,2
9054,7,3,0,2
9063,7,3,0,2
9069,7,3,0,2
9079,7,3,0,2
9085,7,3,0,2
9093,7,3,0,2
9100,7,3,0,2
9108,7,3,0,2
9116,7,3,0,2
9123,7,3,0,2
9130,7,3,0,2
9138,7,3,0,2
9146,7,3,0,2
9152,7,3,0,2
9160,7,3,0,2
9167,7,3,0,2
9175,7,3,0,2
9182,7,3,0,2
9192,7,3,0,2
9200,7,3,0,2
9207,7,3,0,2
9216,7,3,0,2
9223,7,3,0,2
9230,7,3,0,2
9240,7,3,0,2
9247,7,3,0,2
9252,7,3,0,2
9260,7,3,0,2
9268,7,3,0,2
9276,7,3,0,2
9283,7,3,0,2
9290,7,3,0,2
9298,7,3,0,2
9305,7,3,0,2
9313,7,3,0,2
9320,7,3,0,2
9327,7,3,0,2
9334,7,3,0,2
9342,7,3,0,2
9350,7,3,0,2
9365,7,3,0,2
9375,7,3,0,2
9383,7,3,0,2
9391,7,3,0,2
9400,7,3,0,2
9408,7,3,0,2
9415,7,3,0,2
9422,7,3,0,2
9429,7,3,0,2
9436,7,3,0,2
9444,7,3,0,2
9451,7,3,0,2
9459,7,3,0,2
9466,7,3,0,2
9473,7,3,0,2
9480,7,3,0,2
9488,7,3,0,2
9496,8,3,0,2
9502,8,3,0,2
9511,8,3,0,2
9518,8,3,0,2
9527,8,3,0,2
9534,8,3,0,2
9543,8,3,0,2
9550,8,3,0,2
9559,8,3,0,2
9566,8,3,0,2
9575,8,3,0,2
9583,8,3,0,2
9591,8,3,0,2
9599,8,3,0,2
9607,8,3,0,2
9614,8,3,0,2
9622,8,3,0,2
9629,8,3,0,2
9638,8,3,0,2
9646,8,3,0,2
9654,8,3,0,2
9663,8,3,0,2
9671,8,3,0,2
9680,8,3,0,2
9687,8,3,0,2
9695,8,3,0,2
9702,8,3,0,2
9710,8,3,0,2
9718,8,3,0,2
9726,8,3,0,2
9732,8,3,0,2
9741,8,3,0,2
9748,8,3,0,2
9756,8,3,0,2
9764,8,3,0,2
9771,8,3,0,2
9779,8,3,0,2
9786,8,3,0,2
9796,8,3,0,2
9802,8,3,0,2
9810,8,3,0,2
9818,8,3,0,2
9826,8,3,0,2
9834,8,3,0,2
9844,8,3,0,2
9851,8,3,0,2
9859,8,3,0,2
9866,8,3,0,2
9873,8,3,0,2
9880,8,3,0,2
9887,8,3,0,2
9897,8,3,0,2
9904,8,3,0,2
9912,8,3,0,2
9919,8,3,0,2
9927,8,3,0,2
9934,8,3,0,2
9943,8,3,0,2
9950,8,3,0,2
9958,8,3,0,2
9966,8,3,0,2
9974,8,3,0,2
9982,8,3,0,2
9990,8,3,0,2
9998,8,3,0,2
10006,8,3,0,2
10014,8,3,0,2
10023,8,3,0,2
10030,8,3,0,2
10036,8,3,0,2
10044,8,3,0,2
10050,8,3,0,2
10058,8,3,0,2
10065,8,3,0,2
10071,9,3,0,2
10079,9,3,0,2
10085,9,3,0,2
10093,9,3,0,2
10101,9,3,0,2
10108,9,3,0,2
10116,9,3,0,2
10124,9,3,0,2
10131,9,3,0,2
10139,9,3,0,2
10147,9,3,0,2
10155,9,3,0,2
10164,9,3,0,2
10171,9,3,0,2
10179,9,3,0,2
10185,9,3,0,2
10193,9,3,0,2
10200,9,3,0,2
10208,9,3,0,2
10216,9,3,0,2
10223,9,3,0,2
10231,9,3,0,2
10238,9,3,0,2
10247,9,3,0,2
10254,9,3,0,2
10266,9,3,0,2
10274,9,3,0,2
10282,9,3,0,2
10289,9,3,0,2
10297,9,3,0,2
10304,9,3,0,2
10312,9,3,0,2
10319,9,3,0,2
10328,9,3,0,2
10336,9,3,0,2
10343,9,3,0,2
10350,9,3,0,2
10359,9,3,0,2
10365,9,3,0,2
10373,9,3,0,2
10381,9,3,0,2
10389,9,3,0,2
10397,9,3,0,2
10404,9,3,0,2
10411,9,3,0,2
10418,9,3,0,2
10426,9,3,0,2
10433,9,3,0,2
10442,9,3,0,2
10450,9,3,0,2
10458,9,3,0,2
10465,9,3,0,2
10473,9,3,0,2
10481,9,3,0,2
10487,9,3,0,2
10495,9,3,0,2
10502,9,3,0,2
10509,9,3,0,2
10516,9,3,0,2
10523,9,3,0,2
10531,9,3,0,2
10540,9,3,0,2
10546,10,3,0,2
0,0,0,0,3
50,0,0,0,3
94,0,0,0,3
104,0,0,0,3
112,0,0,0,3
122,0,0,0,3
127,0,0,0,3
133,0,0,0,3
143,0,0,0,3
149,0,0,0,3
159,0,0,0,3
166,0,0,0,3
174,0,0,0,3
181,0,0,0,3
189,0,0,0,3
197,0,0,0,3
206,0,0,0,3
214,0,0,0,3
223,0,0,0,3
229,0,0,0,3
238,0,0,0,3
245,0,0,0,3
253,0,0,0,3
260,0,0,0,3
267,0,0,0,3
275,0,0,0,3
282,0,0,0,3
290,0,0,0,3
297,0,0,0,3
304,0,0,0,3
311,0,0,0,3
320,0,0,0,3
327,0,0,0,3
336,0,0,0,3
343,0,0,0,3
351,0,0,0,3
357,0,0,0,3
364,0,0,0,3
371,0,0,0,3
379,0,0,0,3
387,0,0,0,3
394,0,0,0,3
401,0,0,0,3
408,0,0,0,3
415,0,0,0,3
423,0,0,0,3
429,0,0,0,3
438,0,0,0,3
445,0,0,0,3
455,0,0,0,3
461,0,0,0,3
470,0,0,0,3
477,0,0,0,3
486,0,0,0,3
493,0,0,0,3
504,0,0,0,3
511,0,0,0,3
519,0,0,0,3
527,0,0,0,3
536,0,0,0,3
543,0,0,0,3
551,0,0,0,3
559,0,0,0,3
566,0,0,0,3
575,0,0,0,3
586,0,0,0,3
591,0,0,0,3
599,0,0,0,3
607,0,0,0,3
614,0,0,0,3
623,0,0,0,3
628,0,0,0,3
636,0,0,0,3
642,0,0,0,3
649,0,0,0,3
657,0,0,0,3
663,0,0,0,3
672,0,0,0,3
678,0,0,0,3
687,0,0,0,3
693,0,0,0,3
700,0,0,0,3
709,0,0,0,3
718,0,0,0,3
725,0,0,0,3
732,0,0,0,3
741,0,0,0,3
747,0,0,0,3
755,0,0,0,3
762,0,0,0,3
770,0,0,0,3
776,0,0,0,3
783,0,0,0,3
791,0,0,0,3
797,0,0,0,3
805,0,0,0,3
813,0,0,0,3
821,0,0,0,3
827,0,0,0,3
837,0,0,0,3
843,0,0,0,3
850,0,0,0,3
857,0,0,0,3
864,0,0,0,3
873,0,0,0,3
881,0,0,0,3
889,0,0,0,3
896,0,0,0,3
904,0,0,0,3
911,0,0,0,3
920,0,0,0,3
927,0,0,0,3
937,0,0,0,3
943,0,0,0,3
953,0,0,0,3
960,0,0,0,3
967,0,0,0,3
975,0,0,0,3
982,0,0,0,3
990,0,0,0,3
997,0,0,0,3
1006,0,0,0,3
1013,0,0,0,3
1022,0,0,0,3
1028,0,0,0,3
1038,0,0,0,3
1044,0,0,0,3
1050,0,0,0,3
1059,0,0,0,3
1067,0,0,0,3
1075,0,0,0,3
1081,0,0,0,3
1093,0,0,0,3
1105,0,0,0,3
1112,0,0,0,3
1121,0,0,0,3
1128,0,0,0,3
1138,0,0,0,3
1144,0,0,0,3
1151,0,0,0,3
1159,0,0,0,3
1167,0,0,0,3
1174,0,0,0,3
1181,0,0,0,3
1189,0,0,0,3
1197,0,0,0,3
1207,0,0,0,3
1215,0,0,0,3
1224,0,0,0,3
1231,0,0,0,3
1240,0,0,0,3
1247,0,0,0,3
1256,0,0,0,3
1263,0,0,0,3
1272,0,0,0,3
1279,0,0,0,3
1288,0,0,0,3
1294,0,0,0,3
1301,0,0,0,3
1309,0,0,0,3
1317,0,0,0,3
1325,0,0,0,3
1332,0,0,0,3
1340,0,0,0,3
1348,0,0,0,3
1357,0,0,0,3
1364,0,0,0,3
1373,0,0,0,3
1379,0,0,0,3
1388,0,0,0,3
1395,0,0,0,3
1404,0,0,0,3
1410,0,0,0,3
1417,0,0,0,3
1426,0,0,0,3
1434,0,0,0,3
1441,0,0,0,3
1448,0,0,0,3
1457,0,0,0,3
1464,1,1,0,3
1473,1,1,0,3
1480,1,1,0,3
1489,1,1,0,3
1496,1,1,0,3
1504,1,1,0,3
1511,1,1,0,3
1521,1,1,0,3
1527,1,1,0,3
1537,1,1,0,3
1543,1,1,0,3
1551,1,1,0,3
1558,1,1,0,3
1568,1,1,0,3
1576,1,1,0,3
1582,1,1,0,3
1591,1,1,0,3
1598,1,1,0,3
1606,1,1,0,3
1611,1,1,0,3
1620,1,1,0,3
1627,1,1,0,3
1636,1,1,0,3
1643,1,1,0,3
1650,1,1,0,3
1657,1,1,0,3
1664,1,1,0,3
1673,1,1,0,3
1681,1,1,0,3
1689,1,1,0,3
1696,1,1,0,3
1706,1,1,0,3
1712,1,1,0,3
1720,1,1,0,3
1727,1,1,0,3
1736,1,1,0,3
1743,1,1,0,3
1751,1,1,0,3
1758,1,1,0,3
1765,1,1,0,3
1776,1,1,0,3
1784,1,1,0,3
1791,1,1,0,3
1798,1,1,0,3
1806,1,1,0,3
1813,1,1,0,3
1823,1,1,0,3
1828,1,1,0,3
1837,1,1,0,3
1843,1,1,0,3
1850,1,1,0,3
1859,1,1,0,3
1866,1,1,0,3
1875,1,1,0,3
1882,1,1,0,3
1891,1,1,0,3
1898,1,1,0,3
1906,1,1,0,3
1918,1,1,0,3
1924,1,1,0,3
1931,1,1,0,3
1939,1,1,0,3
1946,1,1,0,3
1955,1,1,0,3
1962,1,1,0,3
1970,1,1,0,3
1978,1,1,0,3
1987,1,1,0,3
1993,1,1,0,3
2002,1,1,0,3
2009,1,1,0,3
2017,1,1,0,3
2025,1,1,0,3
2033,1,1,0,3
2041,1,1,0,3
2046,2,1,0,3
2056,2,1,0,3
2062,2,1,0,3
2070,2,1,0,3
2077,2,1,0,3
2087,2,1,0,3
2093,2,1,0,3
2101,2,1,0,3
2108,2,1,0,3
2117,2,1,0,3
2124,2,1,0,3
2130,2,1,0,3
2139,2,1,0,3
2147,2,1,0,3
2154,2,1,0,3
2162,2,1,0,3
2169,2,1,0,3
2178,2,1,0,3
2187,2,1,0,3
2195,2,1,0,3
2203,2,1,0,3
2209,2,1,0,3
2216,2,1,0,3
2225,2,1,0,3
2232,2,1,0,3
2242,2,1,0,3
2248,2,1,0,3
2256,2,1,0,3
2264,2,1,0,3
2273,2,1,0,3
2288,2,1,0,3
2299,2,1,0,3
2310,2,1,0,3
2317,2,1,0,3
2324,2,1,0,3
2331,2,1,0,3
2339,2,1,0,3
2347,2,1,0,3
2355,2,1,0,3
2362,2,1,0,3
2371,2,1,0,3
2379,2,1,0,3
2388,2,1,0,3
2396,2,1,0,3
2404,2,1,0,3
2411,2,1,0,3
2420,2,1,0,3
2427,2,1,0,3
2436,2,1,0,3
2443,2,1,0,3
2452,2,1,0,3
2459,2,1,0,3
2465,2,1,0,3
2475,2,1,0,3
2482,2,1,0,3
2489,2,1,0,3
2497,2,1,0,3
2507,2,1,0,3
2515,2,1,0,3
2522,3,1,0,3
2529,3,1,0,3
2538,3,1,0,3
2544,3,1,0,3
2552,3,1,0,3
2559,3,1,0,3
2565,3,1,0,3
2573,3,1,0,3
2580,3,1,0,3
2589,3,1,0,3
2597,3,1,0,3
2605,3,1,0,3
2611,3,1,0,3
2618,3,1,0,3
2625,3,1,0,3
2636,3,1,0,3
2641,3,1,0,3
2648,3,1,0,3
2656,3,1,0,3
2663,3,1,0,3
2671,3,1,0,3
2679,3,1,0,3
2686,3,1,0,3
2693,3,1,0,3
2701,3,1,0,3
2708,3,1,0,3
2715,3,1,0,3
2722,3,1,0,3
2729,3,1,0,3
2738,3,1,0,3
2744,3,1,0,3
2754,3,1,0,3
2760,3,1,0,3
2768,3,1,0,3
2776,3,1,0,3
2784,3,1,0,3
2792,3,1,0,3
2800,3,1,0,3
2807,3,1,0,3
2815,3,1,0,3
2823,3,1,0,3
2830,3,1,0,3
2839,3,1,0,3
2846,3,1,0,3
2855,3,1,0,3
2861,3,1,0,3
2869,3,1,0,3
2876,3,1,0,3
2883,3,1,0,3
2891,3,1,0,3
2899,3,1,0,3
2908,3,1,0,3
2915,3,1,0,3
2923,3,1,0,3
2930,3,1,0,3
2939,3,1,0,3
2946,3,1,0,3
2957,3,1,0,3
2963,3,1,0,3
2973,3,1,0,3
2980,3,1,0,3
2989,3,1,0,3
2996,3,1,0,3
3005,3,1,0,3
3011,4,1,0,3
3021,4,1,0,3
3027,4,1,0,3
3036,4,1,0,3
3042,4,1,0,3
3050,4,1,0,3
3058,4,1,0,3
3064,4,1,0,3
3073,4,1,0,3
3080,4,1,0,3
3089,4,1,0,3
3096,4,1,0,3
3104,4,1,0,3
3111,4,1,0,3
3119,4,1,0,3
3129,4,1,0,3
3138,4,1,0,3
3144,4,1,0,3
3152,4,1,0,3
3159,4,1,0,3
3167,4,1,0,3
3175,4,1,0,3
3182,4,1,0,3
3189,4,1,0,3
3197,4,1,0,3
3205,4,1,0,3
3212,4,1,0,3
3219,4,1,0,3
3227,4,1,0,3
3237,4,1,0,3
3244,4,1,0,3
3253,4,1,0,3
3262,4,1,0,3
3271,4,1,0,3
3278,4,1,0,3
3288,4,1,0,3
3296,4,1,0,3
3305,4,1,0,3
3311,4,1,0,3
3320,4,1,0,3
3327,4,1,0,3
3336,4,1,0,3
3342,4,1,0,3
3349,4,1,0,3
3356,4,1,0,3
3363,4,1,0,3
3370,4,1,0,3
3379,4,1,0,3
3388,4,1,0,3
3395,4,1,0,3
3403,4,1,0,3
3410,4,1,0,3
3419,4,1,0,3
3426,4,1,0,3
3435,4,1,0,3
3443,4,1,0,3
3449,4,1,0,3
3457,4,1,0,3
3465,4,1,0,3
3480,4,1,0,3
3489,5,1,0,3
3496,5,1,0,3
3504,5,1,0,3
3511,5,1,0,3
3520,5,1,0,3
3527,5,1,0,3
3534,5,1,0,3
3542,5,1,0,3
3549,5,1,0,3
3557,5,1,0,3
3565,5,1,0,3
3572,5,1,0,3
3581,5,1,0,3
3589,5,1,0,3
3597,5,1,0,3
3606,5,1,0,3
3611,5,1,0,3
3620,5,1,0,3
3627,5,1,0,3
3636,5,1,0,3
3644,5,1,0,3
3653,5,1,0,3
3660,5,1,0,3
3667,5,1,0,3
3675,5,1,0,3
3682,5,1,0,3
3690,5,1,0,3
3698,5,1,0,3
3707,5,1,0,3
3713,5,1,0,3
3723,5,1,0,3
3730,5,1,0,3
3738,5,1,0,3
3745,5,1,0,3
3755,5,1,0,3
3761,5,1,0,3
3769,5,1,0,3
3776,5,1,0,3
3784,5,1,0,3
3792,5,1,0,3
3800,5,1,0,3
3808,5,1,0,3
3815,5,1,0,3
3824,5,1,0,3
3830,5,1,0,3
3842,5,1,0,3
3848,5,1,0,3
3858,5,1,0,3
3864,5,1,0,3
3873,5,1,0,3
3880,5,1,0,3
3889,5,1,0,3
3897,5,1,0,3
3905,5,1,0,3
3911,5,1,0,3
3919,5,1,0,3
3926,5,1,0,3
3931,5,1,0,3
3940,5,1,0,3
3946,5,1,0,3
3956,5,1,0,3
3963,5,1,0,3
3971,5,1,0,3
3978,5,1,0,3
3987,5,1,0,3
3996,5,1,0,3
4006,5,1,0,3
4012,5,1,0,3
4021,5,1,0,3
4028,5,1,0,3
4036,5,1,0,3
4044,5,1,0,3
4052,5,1,0,3
4060,5,1,0,3
4067,5,1,0,3
4075,5,1,0,3
4081,5,1,0,3
4090,5,1,0,3
4097,5,1,0,3
4107,5,1,0,3
4113,5,1,0,3
4122,5,1,0,3
4129,5,1,0,3
4139,5,1,0,3
4145,5,1,0,3
4155,5,1,0,3
4162,5,1,0,3
4171,5,1,0,3
4179,5,1,0,3
4188,5,1,0,3
4195,5,1,0,3
4203,5,1,0,3
4210,5,1,0,3
4218,5,1,0,3
4226,5,1,0,3
4233,5,1,0,3
4242,5,1,0,3
4249,5,1,0,3
4257,5,1,0,3
4264,5,1,0,3
4273,5,1,0,3
4281,5,1,0,3
4290,5,1,0,3
4297,5,1,0,3
4305,5,1,0,3
4312,5,1,0,3
4321,5,1,0,3
4329,5,1,0,3
4341,5,1,0,3
4346,5,1,0,3
4354,5,1,0,3
4361,5,1,0,3
4370,5,1,0,3
4378,5,1,0,3
4386,5,1,0,3
4392,5,1,0,3
4400,5,1,0,3
4409,5,1,0,3
4415,5,1,0,3
4425,5,1,0,3
4431,5,1,0,3
4440,5,1,0,3
4447,5,1,0,3
4456,5,1,0,3
4463,5,1,0,3
4472,5,1,0,3
4479,5,1,0,3
4487,5,1,0,3
4495,5,1,0,3
4505,5,1,0,3
4511,5,1,0,3
4520,5,1,0,3
4527,5,1,0,3
4534,5,1,0,3
4541,5,1,0,3
4548,5,1,0,3
4557,5,1,0,3
4564,5,1,0,3
4573,5,1,0,3
4579,5,1,0,3
4588,5,1,0,3
4594,5,1,0,3
4602,5,1,0,3
4610,5,1,0,3
4619,5,1,0,3
4625,5,1,0,3
4631,5,1,0,3
4640,5,1,0,3
4646,5,1,0,3
4656,5,1,0,3
4666,5,1,0,3
4674,5,1,0,3
4680,5,1,0,3
4689,5,1,0,3
4696,5,1,0,3
4704,5,1,0,3
4711,5,1,0,3
4719,5,1,0,3
4726,5,1,0,3
4733,5,1,0,3
4741,5,1,0,3
4747,5,1,0,3
4757,5,1,0,3
4763,5,1,0,3
4772,5,1,0,3
4779,5,1,0,3
4787,5,1,0,3
4794,5,1,0,3
4802,5,1,0,3
4809,5,1,0,3
4817,5,1,0,3
4824,5,1,0,3
4831,5,1,0,3
4840,5,1,0,3
4847,5,1,0,3
4857,5,1,0,3
4863,5,1,0,3
4872,5,1,0,3
4879,5,1,0,3
4888,5,1,0,3
4895,5,1,0,3
4904,5,1,0,3
4911,5,1,0,3
4919,5,1,0,3
4926,5,1,0,3
4933,5,1,0,3
4941,6,1,0,3
4947,6,1,0,3
4958,6,1,0,3
4964,6,1,0,3
4975,6,1,0,3
4983,6,1,0,3
4991,6,1,0,3
4999,6,1,0,3
5008,6,1,0,3
5017,6,1,0,3
5025,6,1,0,3
5031,6,1,0,3
5041,6,1,0,3
5047,6,1,0,3
5057,6,1,0,3
5063,6,1,0,3
5072,6,1,0,3
5079,6,1,0,3
5088,6,1,0,3
5096,6,1,0,3
5104,6,1,0,3
5111,6,1,0,3
5120,6,1,0,3
5127,6,1,0,3
5136,6,1,0,3
5143,6,1,0,3
5151,6,1,0,3
5159,6,1,0,3
5167,6,1,0,3
5176,6,1,0,3
5183,6,1,0,3
5191,6,1,0,3
5199,6,1,0,3
5208,6,1,0,3
5214,6,1,0,3
5224,6,1,0,3
5231,6,1,0,3
5241,6,1,0,3
5248,6,1,0,3
5258,6,1,0,3
5266,6,1,0,3
5275,6,1,0,3
5283,6,1,0,3
5290,6,1,0,3
5297,6,1,0,3
5306,6,1,0,3
5312,6,1,0,3
5321,6,1,0,3
5328,6,1,0,3
5337,6,1,0,3
5344,6,1,0,3
5352,6,1,0,3
5360,6,1,0,3
5368,6,1,0,3
5377,6,1,0,3
5385,6,1,0,3
5393,6,1,0,3
5400,6,1,0,3
5409,6,1,0,3
5416,6,1,0,3
5424,6,1,0,3
5430,6,1,0,3
5439,6,1,0,3
5446,6,1,0,3
5456,6,1,0,3
5463,6,1,0,3
5472,6,1,0,3
5479,6,1,0,3
5488,6,1,0,3
5495,6,1,0,3
5503,6,1,0,3
5510,6,1,0,3
5517,6,1,0,3
5525,6,1,0,3
5533,6,1,0,3
5541,6,1,0,3
5552,6,1,0,3
5560,6,1,0,3
5568,6,1,0,3
5576,7,1,0,3
5584,7,1,0,3
5591,7,1,0,3
5598,7,1,0,3
5607,7,1,0,3
5614,7,1,0,3
5623,7,1,0,3
5629,7,1,0,3
5638,7,1,0,3
5645,7,1,0,3
5653,7,1,0,3
5661,7,1,0,3
5669,7,1,0,3
5677,7,1,0,3
5685,7,1,0,3
5693,7,1,0,3
5701,7,1,0,3
5710,7,1,0,3
5720,7,1,0,3
5728,7,1,0,3
5736,7,1,0,3
5744,7,1,0,3
5752,7,1,0,3
5759,7,1,0,3
5769,7,1,0,3
5777,7,1,0,3
5784,7,1,0,3
5793,7,1,0,3
5802,7,1,0,3
5810,7,1,0,3
5817,7,1,0,3
5826,7,1,0,3
5834,7,1,0,3
5842,7,1,0,3
5849,7,1,0,3
5858,7,1,0,3
5864,7,1,0,3
5877,7,1,0,3
5885,7,1,0,3
5892,7,1,0,3
5898,7,1,0,3
5907,7,1,0,3
5913,7,1,0,3
5922,7,1,0,3
5929,7,1,0,3
5937,7,1,0,3
5944,7,1,0,3
5953,7,1,0,3
5960,7,1,0,3
5967,7,1,0,3
5975,7,1,0,3
5982,7,1,0,3
5989,7,1,0,3
5996,7,1,0,3
6004,7,1,0,3
6011,7,1,0,3
6020,7,1,0,3
6026,7,1,0,3
6033,7,1,0,3
6041,7,1,0,3
6047,7,1,0,3
6058,7,1,0,3
6064,7,1,0,3
6072,7,1,0,3
6079,7,1,0,3
6087,7,1,0,3
6097,7,1,0,3
6105,7,1,0,3
6112,7,1,0,3
6122,7,1,0,3
6129,7,1,0,3
6137,7,1,0,3
6145,7,1,0,3
6153,7,1,0,3
6160,7,1,0,3
6167,7,1,0,3
6175,7,1,0,3
6183,7,1,0,3
6190,7,1,0,3
6197,7,1,0,3
6205,7,1,0,3
6212,7,1,0,3
6220,7,1,0,3
6227,7,1,0,3
6236,7,1,0,3
6244,7,1,0,3
6255,7,1,0,3
6262,7,1,0,3
6271,7,1,0,3
6279,7,1,0,3
6288,7,1,0,3
6295,7,1,0,3
6303,7,1,0,3
6310,7,1,0,3
6319,7,1,0,3
6327,7,1,0,3
6337,7,1,0,3
6345,7,1,0,3
6355,7,1,0,3
6362,7,1,0,3
6370,7,1,0,3
6377,7,1,0,3
6386,8,1,0,3
6393,8,1,0,3
6402,8,1,0,3
6409,8,1,0,3
6417,8,1,0,3
6424,8,1,0,3
6431,8,1,0,3
6440,8,1,0,3
6446,8,1,0,3
6454,8,1,0,3
6461,8,1,0,3
6469,8,1,0,3
6477,8,1,0,3
6485,8,1,0,3
6492,8,1,0,3
6498,8,1,0,3
6507,8,1,0,3
6513,8,1,0,3
6521,8,1,0,3
6527,8,1,0,3
6537,8,1,0,3
6543,8,1,0,3
6552,8,1,0,3
6559,8,1,0,3
6566,8,1,0,3
6575,8,1,0,3
6583,8,1,0,3
6590,8,1,0,3
6597,8,1,0,3
6608,8,1,0,3
6617,8,1,0,3
6625,8,1,0,3
6632,8,1,0,3
6641,8,1,0,3
6647,8,1,0,3
6657,8,1,0,3
6662,8,1,0,3
6671,8,1,0,3
6678,8,1,0,3
6687,8,1,0,3
6694,8,1,0,3
6703,8,1,0,3
6710,8,1,0,3
6719,8,1,0,3
6726,8,1,0,3
6733,8,1,0,3
6742,8,1,0,3
6749,8,1,0,3
6758,8,1,0,3
6764,8,1,0,3
6773,8,1,0,3
6780,8,1,0,3
6789,8,1,0,3
6795,8,1,0,3
6806,8,1,0,3
6813,8,1,0,3
6823,8,1,0,3
6828,8,1,0,3
6837,8,1,0,3
6845,8,1,0,3
6853,8,1,0,3
6861,8,1,0,3
6870,8,1,0,3
6877,8,1,0,3
6885,8,1,0,3
6892,8,1,0,3
6901,8,1,0,3
6909,8,1,0,3
6917,8,1,0,3
6924,8,1,0,3
6931,8,1,0,3
6941,8,1,0,3
6947,8,1,0,3
6957,8,1,0,3
6963,8,1,0,3
6973,8,1,0,3
6979,8,1,0,3
6988,8,1,0,3
6996,8,1,0,3
7004,8,1,0,3
7010,8,1,0,3
7019,8,1,0,3
7026,8,1,0,3
7034,8,1,0,3
7041,8,1,0,3
7049,9,1,0,3
7061,9,1,0,3
7069,9,1,0,3
7076,9,1,0,3
7083,9,1,0,3
7090,9,1,0,3
7097,9,1,0,3
7106,9,1,0,3
7113,9,1,0,3
7123,9,1,0,3
7129,9,1,0,3
7138,9,1,0,3
7144,9,1,0,3
7153,9,1,0,3
7161,9,1,0,3
7169,9,1,0,3
7177,9,1,0,3
7185,9,1,0,3
7192,9,1,0,3
7199,9,1,0,3
7207,9,1,0,3
7213,9,1,0,3
7222,9,1,0,3
7229,9,1,0,3
7238,9,1,0,3
7244,9,1,0,3
7255,9,1,0,3
7262,9,1,0,3
7271,9,1,0,3
7280,9,1,0,3
7289,9,1,0,3
7296,9,1,0,3
7304,9,1,0,3
7310,9,1,0,3
7319,9,1,0,3
7326,9,1,0,3
7334,9,1,0,3
7341,9,1,0,3
7348,9,1,0,3
7356,9,1,0,3
7363,9,1,0,3
7371,9,1,0,3
7378,9,1,0,3
7386,9,1,0,3
7392,9,1,0,3
7401,9,1,0,3
7408,9,1,0,3
7416,9,1,0,3
7425,9,1,0,3
7432,9,1,0,3
7440,9,1,0,3
7446,9,1,0,3
7457,9,1,0,3
7463,9,1,0,3
7473,9,1,0,3
7479,9,1,0,3
7488,9,1,0,3
7495,9,1,0,3
7504,9,1,0,3
7510,9,1,0,3
7518,9,1,0,3
7525,9,1,0,3
7534,9,1,0,3
7541,9,1,0,3
7547,9,1,0,3
7555,9,1,0,3
7563,9,1,0,3
7570,9,1,0,3
7577,9,1,0,3
7585,9,1,0,3
7591,9,1,0,3
7598,9,1,0,3
7606,9,1,0,3
7612,9,1,0,3
7621,9,1,0,3
7627,9,1,0,3
7635,9,1,0,3
7642,9,1,0,3
7650,9,1,0,3
7658,9,1,0,3
7663,9,1,0,3
7671,9,1,0,3
7679,9,1,0,3
7687,9,1,0,3
7693,9,1,0,3
7703,9,1,0,3
7709,9,1,0,3
7718,9,1,0,3
7725,9,1,0,3
7732,9,1,0,3
7740,9,1,0,3
7746,9,1,0,3
7755,9,1,0,3
7761,9,1,0,3
7769,10,1,0,3
0,0,0,0,4
89,0,0,0,4
96,0,0,0,4
105,0,0,0,4
115,0,0,0,4
123,0,0,0,4
132,0,0,0,4
141,0,0,0,4
150,0,0,0,4
157,0,0,0,4
166,0,0,0,4
177,0,0,0,4
184,0,0,0,4
190,0,0,0,4
198,0,0,0,4
205,0,0,0,4
214,0,0,0,4
220,0,0,0,4
230,0,0,0,4
237,0,0,0,4
246,0,0,0,4
251,0,0,0,4
260,0,0,0,4
266,0,0,0,4
274,0,0,0,4
281,0,0,0,4
286,0,0,0,4
295,0,0,0,4
301,0,0,0,4
309,0,0,0,4
315,0,0,0,4
322,0,0,0,4
330,0,0,0,4
335,0,0,0,4
343,0,0,0,4
350,0,0,0,4
357,0,0,0,4
365,0,0,0,4
371,0,0,0,4
379,0,0,0,4
386,0,0,0,4
394,0,0,0,4
400,0,0,0,4
407,0,0,0,4
414,0,0,0,4
421,0,0,0,4
429,0,0,0,4
435,0,0,0,4
442,0,0,0,4
449,0,0,0,4
455,0,0,0,4
465,0,0,0,4
473,0,0,0,4
480,0,0,0,4
487,0,0,0,4
495,0,0,0,4
502,0,0,0,4
511,0,0,0,4
517,0,0,0,4
525,0,0,0,4
532,0,0,0,4
539,0,0,0,4
547,0,0,0,4
554,0,0,0,4
563,0,0,0,4
571,0,0,0,4
581,0,0,0,4
588,0,0,0,4
597,0,0,0,4
604,0,0,0,4
613,0,0,0,4
620,0,0,0,4
629,0,0,0,4
635,0,0,0,4
645,0,0,0,4
655,0,0,0,4
664,0,0,0,4
670,0,0,0,4
680,0,0,0,4
685,0,0,0,4
694,0,0,0,4
701,0,0,0,4
709,0,0,0,4
716,0,0,0,4
724,0,0,0,4
733,0,0,0,4
740,0,0,0,4
748,0,0,0,4
755,0,0,0,4
764,0,0,0,4
770,0,0,0,4
779,0,0,0,4
785,0,0,0,4
792,0,0,0,4
800,0,0,0,4
807,0,0,0,4
815,0,0,0,4
822,0,0,0,4
830,0,0,0,4
838,0,0,0,4
846,0,0,0,4
852,0,0,0,4
860,0,0,0,4
868,0,0,0,4
875,0,0,0,4
883,0,0,0,4
890,0,0,0,4
898,0,0,0,4
905,0,0,0,4
913,0,0,0,4
920,0,0,0,4
928,0,0,0,4
935,0,0,0,4
944,0,0,0,4
951,0,0,0,4
959,0,0,0,4
966,0,0,0,4
973,0,0,0,4
982,0,0,0,4
989,0,0,0,4
998,0,0,0,4
1005,0,0,0,4
1013,0,0,0,4
1021,0,0,0,4
1029,0,0,0,4
1036,0,0,0,4
1045,0,0,0,4
1051,0,0,0,4
1059,0,0,0,4
1066,0,0,0,4
1073,1,1,0,4
1081,1,1,0,4
1092,1,1,0,4
1103,1,1,0,4
1112,1,1,0,4
1119,1,1,0,4
1124,1,1,0,4
1133,1,1,0,4
1143,1,1,0,4
1151,1,1,0,4
1160,1,1,0,4
1168,1,1,0,4
1178,1,1,0,4
1184,1,1,0,4
1192,1,1,0,4
1200,1,1,0,4
1207,1,1,0,4
1215,1,1,0,4
1222,1,1,0,4
1231,1,1,0,4
1242,1,1,0,4
1249,1,1,0,4
1263,1,1,0,4
1269,1,1,0,4
1278,1,1,0,4
1285,1,1,0,4
1294,1,1,0,4
1300,1,1,0,4
1309,1,1,0,4
1316,1,1,0,4
1324,1,1,0,4
1332,1,1,0,4
1338,1,1,0,4
1346,1,1,0,4
1353,1,1,0,4
1362,1,1,0,4
1369,1,1,0,4
1379,1,1,0,4
1385,1,1,0,4
1392,1,1,0,4
1400,1,1,0,4
1406,1,1,0,4
1414,1,1,0,4
1421,1,1,0,4
1429,1,1,0,4
1435,1,1,0,4
1445,1,1,0,4
1451,1,1,0,4
1458,1,1,0,4
1466,1,1,0,4
1472,1,1,0,4
1480,1,1,0,4
1486,1,1,0,4
1493,1,1,0,4
1502,1,1,0,4
1508,1,1,0,4
1516,1,1,0,4
1523,1,1,0,4
1531,1,1,0,4
1538,1,1,0,4
1547,1,1,0,4
1553,1,1,0,4
1561,1,1,0,4
1567,1,1,0,4
1575,1,1,0,4
1582,1,1,0,4
1588,1,1,0,4
1597,1,1,0,4
1604,1,1,0,4
1612,1,1,0,4
1618,1,1,0,4
1626,1,1,0,4
1633,1,1,0,4
1641,1,1,0,4
1648,1,1,0,4
1655,1,1,0,4
1663,1,1,0,4
1670,1,1,0,4
1679,1,1,0,4
1684,1,1,0,4
1692,1,1,0,4
1699,1,1,0,4
1706,1,1,0,4
1714,1,1,0,4
1720,1,1,0,4
1729,1,1,0,4
1736,1,1,0,4
1744,1,1,0,4
1751,2,2,0,4
1759,2,2,0,4
1766,2,2,0,4
1773,2,2,0,4
1781,2,2,0,4
1787,2,2,0,4
1794,2,2,0,4
1802,2,2,0,4
1810,2,2,0,4
1816,2,2,0,4
1824,2,2,0,4
1831,2,2,0,4
1839,2,2,0,4
1847,2,2,0,4
1854,2,2,0,4
1864,2,2,0,4
1871,2,2,0,4
1880,2,2,0,4
1886,2,2,0,4
1895,2,2,0,4
1903,2,2,0,4
1911,2,2,0,4
1918,2,2,0,4
1926,2,2,0,4
1933,2,2,0,4
1940,2,2,0,4
1949,2,2,0,4
1956,2,2,0,4
1965,2,2,0,4
1973,2,2,0,4
1981,2,2,0,4
1988,2,2,0,4
1997,2,2,0,4
2004,2,2,0,4
2013,2,2,0,4
2020,2,2,0,4
2028,2,2,0,4
2035,2,2,0,4
2045,2,2,0,4
2051,2,2,0,4
2060,2,2,0,4
2068,2,2,0,4
2075,2,2,0,4
2084,2,2,0,4
2093,2,2,0,4
2100,2,2,0,4
2107,2,2,0,4
2115,2,2,0,4
2122,2,2,0,4
2131,2,2,0,4
2138,2,2,0,4
2147,2,2,0,4
2153,2,2,0,4
2163,2,2,0,4
2169,2,2,0,4
2178,2,2,0,4
2185,2,2,0,4
2193,2,2,0,4
2200,2,2,0,4
2209,2,2,0,4
2216,2,2,0,4
2222,2,2,0,4
2229,2,2,0,4
2236,2,2,0,4
2245,2,2,0,4
2251,2,2,0,4
2264,2,2,0,4
2270,2,2,0,4
2279,2,2,0,4
2286,2,2,0,4
2294,2,2,0,4
2302,2,2,0,4
2310,2,2,0,4
2317,2,2,0,4
2325,2,2,0,4
2333,2,2,0,4
2341,2,2,0,4
2349,2,2,0,4
2357,2,2,0,4
2365,2,2,0,4
2372,2,2,0,4
2381,2,2,0,4
2388,2,2,0,4
2396,2,2,0,4
2403,2,2,0,4
2412,3,3,0,4
2419,3,3,0,4
2429,3,3,0,4
2435,3,3,0,4
2443,3,3,0,4
2450,3,3,0,4
2459,3,3,0,4
2465,3,3,0,4
2471,3,3,0,4
2479,3,3,0,4
2486,3,3,0,4
2494,3,3,0,4
2501,3,3,0,4
2508,3,3,0,4
2516,3,3,0,4
2526,3,3,0,4
2532,3,3,0,4
2540,3,3,0,4
2548,3,3,0,4
2555,3,3,0,4
2564,3,3,0,4
2571,3,3,0,4
2579,3,3,0,4
2585,3,3,0,4
2593,3,3,0,4
2600,3,3,0,4
2608,3,3,0,4
2614,3,3,0,4
2621,3,3,0,4
2630,3,3,0,4
2637,3,3,0,4
2646,3,3,0,4
2652,3,3,0,4
2662,3,3,0,4
2668,3,3,0,4
2674,3,3,0,4
2683,3,3,0,4
2691,3,3,0,4
2699,3,3,0,4
2706,3,3,0,4
2714,3,3,0,4
2722,3,3,0,4
2732,3,3,0,4
2739,3,3,0,4
2748,3,3,0,4
2755,3,3,0,4
2764,3,3,0,4
2771,3,3,0,4
2780,3,3,0,4
2787,3,3,0,4
2795,3,3,0,4
2802,3,3,0,4
2811,3,3,0,4
2818,3,3,0,4
2825,3,3,0,4
2833,3,3,0,4
2841,3,3,0,4
2850,3,3,0,4
2859,3,3,0,4
2867,3,3,0,4
2876,3,3,0,4
2883,3,3,0,4
2891,3,3,0,4
2899,3,3,0,4
2907,3,3,0,4
2915,3,3,0,4
2922,3,3,0,4
2931,3,3,0,4
2938,3,3,0,4
2947,3,3,0,4
2953,3,3,0,4
2961,3,3,0,4
2968,3,3,0,4
2976,3,3,0,4
2983,3,3,0,4
2992,3,3,0,4
2999,3,3,0,4
3006,3,3,0,4
3015,3,3,0,4
3022,3,3,0,4
3031,3,3,0,4
3037,4,4,0,4
3046,4,4,0,4
3053,4,4,0,4
3062,4,4,0,4
3068,4,4,0,4
3077,4,4,0,4
3088,4,4,0,4
3098,4,4,0,4
3104,4,4,0,4
3112,4,4,0,4
3120,4,4,0,4
3127,4,4,0,4
3135,4,4,0,4
3144,4,4,0,4
3152,4,4,0,4
3161,4,4,0,4
3169,4,4,0,4
3177,4,4,0,4
3185,4,4,0,4
3194,4,4,0,4
3203,4,4,0,4
3211,4,4,0,4
3218,4,4,0,4
3226,4,4,0,4
3233,4,4,0,4
3240,4,4,0,4
3248,4,4,0,4
3254,4,4,0,4
3263,4,4,0,4
3270,4,4,0,4
3278,4,4,0,4
3285,4,4,0,4
3293,4,4,0,4
3302,4,4,0,4
3309,4,4,0,4
3316,4,4,0,4
3325,4,4,0,4
3333,4,4,0,4
3340,4,4,0,4
3348,4,4,0,4
3355,4,4,0,4
3364,4,4,0,4
3371,4,4,0,4
3379,4,4,0,4
3386,4,4,0,4
3394,4,4,0,4
3402,4,4,0,4
3409,4,4,0,4
3417,4,4,0,4
3424,4,4,0,4
3434,4,4,0,4
3447,4,4,0,4
3454,4,4,0,4
3464,4,4,0,4
3471,4,4,0,4
3480,4,4,0,4
3486,4,4,0,4
3495,4,4,0,4
3502,4,4,0,4
3509,4,4,0,4
3516,4,4,0,4
3524,4,4,0,4
3532,4,4,0,4
3539,4,4,0,4
3547,4,4,0,4
3553,5,4,0,4
3561,5,4,0,4
3568,5,4,0,4
3574,5,4,0,4
3582,5,4,0,4
3588,5,4,0,4
3597,5,4,0,4
3605,5,4,0,4
3615,5,4,0,4
3622,5,4,0,4
3629,5,4,0,4
3637,5,4,0,4
3644,5,4,0,4
3652,5,4,0,4
3659,5,4,0,4
3668,5,4,0,4
3676,5,4,0,4
3683,5,4,0,4
3690,5,4,0,4
3700,5,4,0,4
3706,5,4,0,4
3715,5,4,0,4
3721,5,4,0,4
3730,5,4,0,4
3738,5,4,0,4
3746,5,4,0,4
3753,5,4,0,4
3762,5,4,0,4
3769,5,4,0,4
3777,5,4,0,4
3785,5,4,0,4
3792,5,4,0,4
3801,5,4,0,4
3807,5,4,0,4
3816,5,4,0,4
3824,5,4,0,4
3833,5,4,0,4
3839,5,4,0,4
3848,5,4,0,4
3854,5,4,0,4
3862,5,4,0,4
3869,5,4,0,4
3877,5,4,0,4
3885,5,4,0,4
3892,5,4,0,4
3900,5,4,0,4
3907,5,4,0,4
3915,5,4,0,4
3924,5,4,0,4
3933,5,4,0,4
3939,5,4,0,4
3947,5,4,0,4
3954,5,4,0,4
3962,5,4,0,4
3970,5,4,0,4
3978,5,4,0,4
3986,5,4,0,4
3993,5,4,0,4
4002,5,4,0,4
4009,5,4,0,4
4016,5,4,0,4
4024,5,4,0,4
4033,5,4,0,4
4039,5,4,0,4
4048,5,4,0,4
4056,5,4,0,4
4064,5,4,0,4
4071,5,4,0,4
4079,5,4,0,4
4086,5,4,0,4
4094,5,4,0,4
4102,5,4,0,4
4109,5,4,0,4
4118,5,4,0,4
4125,5,4,0,4
4132,5,4,0,4
4140,5,4,0,4
4149,5,4,0,4
4156,5,4,0,4
4165,5,4,0,4
4173,5,4,0,4
4183,5,4,0,4
4190,5,4,0,4
4200,5,4,0,4
4206,6,4,0,4
4215,6,4,0,4
4222,6,4,0,4
4230,6,4,0,4
4237,6,4,0,4
4246,6,4,0,4
4254,6,4,0,4
4262,6,4,0,4
4269,6,4,0,4
4276,6,4,0,4
4285,6,4,0,4
4292,6,4,0,4
4300,6,4,0,4
4306,6,4,0,4
4313,6,4,0,4
4321,6,4,0,4
4328,6,4,0,4
4335,6,4,0,4
4343,6,4,0,4
4350,6,4,0,4
4357,6,4,0,4
4364,6,4,0,4
4371,6,4,0,4
4379,6,4,0,4
4386,6,4,0,4
4394,6,4,0,4
4402,6,4,0,4
4409,6,4,0,4
4416,6,4,0,4
4423,6,4,0,4
4431,6,4,0,4
4438,6,4,0,4
4447,6,4,0,4
4454,6,4,0,4
4463,6,4,0,4
4469,6,4,0,4
4478,6,4,0,4
4485,6,4,0,4
4491,6,4,0,4
4499,6,4,0,4
4506,6,4,0,4
4515,6,4,0,4
4521,6,4,0,4
4529,6,4,0,4
4536,6,4,0,4
4545,6,4,0,4
4553,6,4,0,4
4561,6,4,0,4
4568,6,4,0,4
4575,6,4,0,4
4584,6,4,0,4
4590,6,4,0,4
4599,6,4,0,4
4605,6,4,0,4
4617,6,4,0,4
4623,6,4,0,4
4632,6,4,0,4
4639,6,4,0,4
4649,6,4,0,4
4654,6,4,0,4
4662,6,4,0,4
4669,6,4,0,4
4678,6,4,0,4
4685,6,4,0,4
4693,6,4,0,4
4701,6,4,0,4
4709,6,4,0,4
4718,6,4,0,4
4726,6,4,0,4
4735,6,4,0,4
4744,6,4,0,4
4752,6,4,0,4
4760,6,4,0,4
4768,7,4,0,4
4775,7,4,0,4
4782,7,4,0,4
4789,7,4,0,4
4798,7,4,0,4
4806,7,4,0,4
4814,7,4,0,4
4822,7,4,0,4
4831,7,4,0,4
4838,7,4,0,4
4847,7,4,0,4
4855,7,4,0,4
4865,7,4,0,4
4871,7,4,0,4
4880,7,4,0,4
4887,7,4,0,4
4895,7,4,0,4
4903,7,4,0,4
4915,7,4,0,4
4921,7,4,0,4
4928,7,4,0,4
4935,7,4,0,4
4943,7,4,0,4
4951,7,4,0,4
4959,7,4,0,4
4967,7,4,0,4
4974,7,4,0,4
4983,7,4,0,4
4990,7,4,0,4
5000,7,4,0,4
5007,7,4,0,4
5015,7,4,0,4
5023,7,4,0,4
5030,7,4,0,4
5038,8,4,0,4
5045,8,4,0,4
5052,8,4,0,4
5061,8,4,0,4
5067,8,4,0,4
5074,8,4,0,4
5082,8,4,0,4
5089,8,4,0,4
5097,8,4,0,4
5103,8,4,0,4
5113,8,4,0,4
5120,8,4,0,4
5129,8,4,0,4
5136,8,4,0,4
5145,8,4,0,4
5152,8,4,0,4
5160,8,4,0,4
5167,8,4,0,4
5177,8,4,0,4
5186,8,4,0,4
5195,8,4,0,4
5203,8,4,0,4
5212,8,4,0,4
5220,8,4,0,4
5228,8,4,0,4
5235,8,4,0,4
5244,8,4,0,4
5251,8,4,0,4
5260,8,4,0,4
5267,8,4,0,4
5274,8,4,0,4
5282,8,4,0,4
5288,8,4,0,4
5297,8,4,0,4
5304,8,4,0,4
5313,8,4,0,4
5320,8,4,0,4
5329,8,4,0,4
5336,8,4,0,4
5344,8,4,0,4
5351,8,4,0,4
5359,8,4,0,4
5367,8,4,0,4
5374,8,4,0,4
5383,8,4,0,4
5388,8,4,0,4
5398,8,4,0,4
5405,8,4,0,4
5414,8,4,0,4
5420,9,4,0,4
5429,9,4,0,4
5435,9,4,0,4
5446,9,4,0,4
5452,9,4,0,4
5461,9,4,0,4
5467,9,4,0,4
5475,9,4,0,4
5484,9,4,0,4
5493,9,4,0,4
5501,9,4,0,4
5509,9,4,0,4
5516,9,4,0,4
5524,9,4,0,4
5531,9,4,0,4
5538,9,4,0,4
5546,9,4,0,4
5553,9,4,0,4
5562,9,4,0,4
5569,9,4,0,4
5577,9,4,0,4
5584,9,4,0,4
5591,9,4,0,4
5599,9,4,0,4
5605,9,4,0,4
5613,9,4,0,4
5620,9,4,0,4
5628,9,4,0,4
5635,9,4,0,4
5642,9,4,0,4
5649,9,4,0,4
5655,9,4,0,4
5665,9,4,0,4
5671,9,4,0,4
5680,9,4,0,4
5687,9,4,0,4
5695,9,4,0,4
5703,9,4,0,4
5711,9,4,0,4
5718,9,4,0,4
5729,9,4,0,4
5736,9,4,0,4
5745,9,4,0,4
5753,9,4,0,4
5762,9,4,0,4
5769,9,4,0,4
5778,9,4,0,4
5785,9,4,0,4
5794,9,4,0,4
5802,9,4,0,4
5810,9,4,0,4
5825,9,4,0,4
5832,9,4,0,4
5840,9,4,0,4
5848,9,4,0,4
5854,9,4,0,4
5862,9,4,0,4
5869,9,4,0,4
5878,9,4,0,4
5884,9,4,0,4
5892,9,4,0,4
5901,9,4,0,4
5908,10,4,0,4
1,0,0,0,5
50,0,0,0,5
91,0,0,0,5
100,0,0,0,5
109,0,0,0,5
116,0,0,0,5
123,0,0,0,5
131,0,0,0,5
140,0,0,0,5
148,0,0,0,5
157,0,0,0,5
163,0,0,0,5
172,0,0,0,5
180,0,0,0,5
188,0,0,0,5
195,0,0,0,5
202,0,0,0,5
210,0,0,0,5
216,0,0,0,5
223,0,0,0,5
230,0,0,0,5
238,0,0,0,5
244,0,0,0,5
251,0,0,0,5
259,0,0,0,5
266,0,0,0,5
274,0,0,0,5
280,0,0,0,5
288,0,0,0,5
295,0,0,0,5
301,0,0,0,5
309,0,0,0,5
315,0,0,0,5
322,0,0,0,5
329,0,0,0,5
335,0,0,0,5
342,0,0,0,5
350,0,0,0,5
358,0,0,0,5
365,0,0,0,5
374,0,0,0,5
380,0,0,0,5
388,0,0,0,5
395,0,0,0,5
403,0,0,0,5
410,0,0,0,5
416,0,0,0,5
423,0,0,0,5
431,0,0,0,5
438,0,0,0,5
445,0,0,0,5
453,0,0,0,5
459,0,0,0,5
467,0,0,0,5
475,0,0,0,5
481,0,0,0,5
489,0,0,0,5
495,0,0,0,5
504,0,0,0,5
511,0,0,0,5
518,0,0,0,5
525,0,0,0,5
532,0,0,0,5
539,0,0,0,5
546,0,0,0,5
554,0,0,0,5
561,0,0,0,5
568,0,0,0,5
575,0,0,0,5
582,0,0,0,5
592,0,0,0,5
600,0,0,0,5
609,0,0,0,5
615,0,0,0,5
624,0,0,0,5
632,0,0,0,5
640,0,0,0,5
647,0,0,0,5
655,0,0,0,5
662,0,0,0,5
670,0,0,0,5
676,0,0,0,5
683,0,0,0,5
692,0,0,0,5
699,0,0,0,5
707,0,0,0,5
714,0,0,0,5
721,0,0,0,5
728,0,0,0,5
735,0,0,0,5
742,0,0,0,5
750,0,0,0,5
758,0,0,0,5
765,0,0,0,5
774,0,0,0,5
782,0,0,0,5
790,0,0,0,5
797,0,0,0,5
805,0,0,0,5
813,0,0,0,5
820,0,0,0,5
828,0,0,0,5
835,0,0,0,5
842,0,0,0,5
850,0,0,0,5
857,0,0,0,5
864,0,0,0,5
872,0,0,0,5
877,0,0,0,5
884,0,0,0,5
892,0,0,0,5
899,0,0,0,5
905,0,0,0,5
913,0,0,0,5
920,0,0,0,5
927,0,0,0,5
934,0,0,0,5
940,0,0,0,5
948,0,0,0,5
955,1,0,0,5
962,1,0,0,5
969,1,0,0,5
976,1,0,0,5
982,1,0,0,5
990,1,0,0,5
997,1,0,0,5
1005,1,0,0,5
1013,1,0,0,5
1020,1,0,0,5
1028,1,0,0,5
1035,1,0,0,5
1046,1,0,0,5
1057,1,0,0,5
1063,1,0,0,5
1071,1,0,0,5
1079,1,0,0,5
1088,1,0,0,5
1095,1,0,0,5
1102,1,0,0,5
1110,1,0,0,5
1116,1,0,0,5
1123,1,0,0,5
1131,1,0,0,5
1139,1,0,0,5
1145,1,0,0,5
1153,1,0,0,5
1159,1,0,0,5
1167,1,0,0,5
1174,1,0,0,5
1181,1,0,0,5
1189,1,0,0,5
1196,1,0,0,5
1205,1,0,0,5
1213,1,0,0,5
1221,1,0,0,5
1228,1,0,0,5
1235,1,0,0,5
1244,1,0,0,5
1253,1,0,0,5
1260,1,0,0,5
1269,1,0,0,5
1277,1,0,0,5
1284,1,0,0,5
1293,1,0,0,5
1299,1,0,0,5
1307,1,0,0,5
1314,1,0,0,5
1321,1,0,0,5
1328,1,0,0,5
1335,1,0,0,5
1341,1,0,0,5
1348,1,0,0,5
1355,1,0,0,5
1363,1,0,0,5
1372,1,0,0,5
1379,1,0,0,5
1387,1,0,0,5
1393,1,0,0,5
1401,1,0,0,5
1408,1,0,0,5
1415,1,0,0,5
1423,1,0,0,5
1430,1,0,0,5
1438,1,0,0,5
1444,1,0,0,5
1454,1,0,0,5
1461,1,0,0,5
1470,1,0,0,5
1477,1,0,0,5
1484,1,0,0,5
1492,1,0,0,5
1499,1,0,0,5
1508,1,0,0,5
1519,1,0,0,5
1526,1,0,0,5
1534,1,0,0,5
1542,1,0,0,5
1549,1,0,0,5
1557,1,0,0,5
1564,1,0,0,5
1572,1,0,0,5
1579,1,0,0,5
1587,1,0,0,5
1595,1,0,0,5
1603,1,0,0,5
1610,1,0,0,5
1617,1,0,0,5
1625,2,1,0,5
1632,2,1,0,5
1639,2,1,0,5
1647,2,1,0,5
1655,2,1,0,5
1662,2,1,0,5
1670,2,1,0,5
1676,2,1,0,5
1684,2,1,0,5
1691,2,1,0,5
1698,2,1,0,5
1706,2,1,0,5
1713,2,1,0,5
1720,2,1,0,5
1727,2,1,0,5
1734,2,1,0,5
1740,2,1,0,5
1748,2,1,0,5
1756,2,1,0,5
1765,2,1,0,5
1774,2,1,0,5
1780,2,1,0,5
1788,2,1,0,5
1797,2,1,0,5
1804,2,1,0,5
1811,2,1,0,5
1819,2,1,0,5
1825,2,1,0,5
1833,2,1,0,5
1840,2,1,0,5
1847,2,1,0,5
1855,2,1,0,5
1861,2,1,0,5
1871,2,1,0,5
1878,2,1,0,5
1887,2,1,0,5
1893,2,1,0,5
1901,2,1,0,5
1909,2,1,0,5
1916,2,1,0,5
1923,2,1,0,5
1930,2,1,0,5
1939,2,1,0,5
1945,2,1,0,5
1954,2,1,0,5
1960,2,1,0,5
1968,2,1,0,5
1975,2,1,0,5
1982,2,1,0,5
1990,2,1,0,5
1997,2,1,0,5
2005,2,1,0,5
2013,2,1,0,5
2020,2,1,0,5
2026,2,1,0,5
2034,2,1,0,5
2041,2,1,0,5
2049,2,1,0,5
2058,2,1,0,5
2065,2,1,0,5
2073,2,1,0,5
2080,2,1,0,5
2088,2,1,0,5
2095,2,1,0,5
2103,2,1,0,5
2110,2,1,0,5
2118,3,2,0,5
2126,3,2,0,5
2133,3,2,0,5
2140,3,2,0,5
2148,3,2,0,5
2156,3,2,0,5
2162,3,2,0,5
2170,3,2,0,5
2177,3,2,0,5
2185,3,2,0,5
2196,3,2,0,5
2204,3,2,0,5
2211,3,2,0,5
2220,3,2,0,5
2227,3,2,0,5
2237,3,2,0,5
2244,3,2,0,5
2253,3,2,0,5
2260,3,2,0,5
2267,3,2,0,5
2275,3,2,0,5
2281,3,2,0,5
2289,3,2,0,5
2296,3,2,0,5
2304,3,2,0,5
2315,3,2,0,5
2322,3,2,0,5
2329,3,2,0,5
2338,3,2,0,5
2345,3,2,0,5
2352,3,2,0,5
2359,3,2,0,5
2366,3,2,0,5
2374,3,2,0,5
2381,3,2,0,5
2389,3,2,0,5
2396,3,2,0,5
2403,3,2,0,5
2413,3,2,0,5
2420,3,2,0,5
2427,3,2,0,5
2434,3,2,0,5
2441,3,2,0,5
2449,3,2,0,5
2456,3,2,0,5
2464,3,2,0,5
2472,3,2,0,5
2479,3,2,0,5
2487,3,2,0,5
2494,3,2,0,5
2502,3,2,0,5
2510,3,2,0,5
2518,3,2,0,5
2525,3,2,0,5
2532,3,2,0,5
2540,3,2,0,5
2548,3,2,0,5
2555,3,2,0,5
2562,3,2,0,5
2571,3,2,0,5
2578,3,2,0,5
2588,3,2,0,5
2594,3,2,0,5
2600,3,2,0,5
2607,3,2,0,5
2615,3,2,0,5
2622,3,2,0,5
2629,3,2,0,5
2637,3,2,0,5
2644,3,2,0,5
2653,3,2,0,5
2659,3,2,0,5
2667,3,2,0,5
2674,3,2,0,5
2681,3,2,0,5
2689,3,2,0,5
2696,3,2,0,5
2703,3,2,0,5
2711,3,2,0,5
2719,3,2,0,5
2725,3,2,0,5
2732,3,2,0,5
2739,3,2,0,5
2747,3,2,0,5
2755,3,2,0,5
2763,3,2,0,5
2772,3,2,0,5
2779,3,2,0,5
2787,3,2,0,5
2793,3,2,0,5
2801,3,2,0,5
2810,3,2,0,5
2817,3,2,0,5
2824,3,2,0,5
2831,3,2,0,5
2839,3,2,0,5
2846,3,2,0,5
2854,3,2,0,5
2859,3,2,0,5
2866,3,2,0,5
2874,3,2,0,5
2883,3,2,0,5
2891,3,2,0,5
2898,3,2,0,5
2906,3,2,0,5
2914,3,2,0,5
2921,3,2,0,5
2929,3,2,0,5
2935,3,2,0,5
2941,3,2,0,5
2949,3,2,0,5
2957,3,2,0,5
2963,3,2,0,5
2972,3,2,0,5
2979,3,2,0,5
2988,3,2,0,5
2994,3,2,0,5
3002,3,2,0,5
3009,3,2,0,5
3018,3,2,0,5
3026,3,2,0,5
3035,3,2,0,5
3042,3,2,0,5
3050,3,2,0,5
3057,3,2,0,5
3065,3,2,0,5
3074,3,2,0,5
3081,3,2,0,5
3090,3,2,0,5
3096,3,2,0,5
3107,3,2,0,5
3115,3,2,0,5
3124,3,2,0,5
3132,3,2,0,5
3140,3,2,0,5
3148,3,2,0,5
3155,3,2,0,5
3163,3,2,0,5
3171,3,2,0,5
3178,3,2,0,5
3187,3,2,0,5
3194,3,2,0,5
3202,3,2,0,5
3209,4,2,0,5
3217,4,2,0,5
3224,4,2,0,5
3232,4,2,0,5
3241,4,2,0,5
3250,4,2,0,5
3258,4,2,0,5
3265,4,2,0,5
3273,4,2,0,5
3279,4,2,0,5
3288,4,2,0,5
3296,4,2,0,5
3304,4,2,0,5
3311,4,2,0,5
3319,4,2,0,5
3325,4,2,0,5
3332,4,2,0,5
3340,4,2,0,5
3347,4,2,0,5
3360,4,2,0,5
3369,4,2,0,5
3376,4,2,0,5
3384,4,2,0,5
3391,4,2,0,5
3398,4,2,0,5
3405,4,2,0,5
3413,4,2,0,5
3420,4,2,0,5
3428,4,2,0,5
3437,4,2,0,5
3445,4,2,0,5
3454,4,2,0,5
3463,4,2,0,5
3471,4,2,0,5
3478,4,2,0,5
3486,4,2,0,5
3493,4,2,0,5
3502,4,2,0,5
3509,4,2,0,5
3515,4,2,0,5
3523,4,2,0,5
3532,4,2,0,5
3540,4,2,0,5
3548,4,2,0,5
3555,4,2,0,5
3562,4,2,0,5
3570,4,2,0,5
3577,4,2,0,5
3585,4,2,0,5
3592,4,2,0,5
3601,4,2,0,5
3608,4,2,0,5
3615,4,2,0,5
3623,4,2,0,5
3630,4,2,0,5
3639,4,2,0,5
3647,4,2,0,5
3654,4,2,0,5
3662,4,2,0,5
3670,4,2,0,5
3677,4,2,0,5
3684,4,2,0,5
3691,4,2,0,5
3698,4,2,0,5
3706,4,2,0,5
3712,4,2,0,5
3720,4,2,0,5
3727,4,2,0,5
3736,4,2,0,5
3742,4,2,0,5
3750,4,2,0,5
3757,4,2,0,5
3764,4,2,0,5
3772,4,2,0,5
3779,4,2,0,5
3788,4,2,0,5
3795,4,2,0,5
3804,4,2,0,5
3811,4,2,0,5
3819,5,2,0,5
3825,5,2,0,5
3834,5,2,0,5
3840,5,2,0,5
3848,5,2,0,5
3854,5,2,0,5
3861,5,2,0,5
3869,5,2,0,5
3875,5,2,0,5
3881,5,2,0,5
3889,5,2,0,5
3896,5,2,0,5
3905,5,2,0,5
3913,5,2,0,5
3920,5,2,0,5
3927,5,2,0,5
3935,5,2,0,5
3943,5,2,0,5
3952,5,2,0,5
3958,5,2,0,5
3966,5,2,0,5
3975,5,2,0,5
3982,5,2,0,5
3992,5,2,0,5
4002,5,2,0,5
4011,5,2,0,5
4020,5,2,0,5
4027,5,2,0,5
4036,5,2,0,5
4042,5,2,0,5
4051,5,2,0,5
4058,5,2,0,5
4065,5,2,0,5
4073,5,2,0,5
4080,5,2,0,5
4087,5,2,0,5
4095,5,2,0,5
4103,5,2,0,5
4110,5,2,0,5
4119,5,2,0,5
4126,5,2,0,5
4134,5,2,0,5
4142,5,2,0,5
4150,5,2,0,5
4158,5,2,0,5
4165,5,2,0,5
4174,5,2,0,5
4182,5,2,0,5
4191,5,2,0,5
4197,5,2,0,5
4204,5,2,0,5
4212,5,2,0,5
4220,5,2,0,5
4228,5,2,0,5
4237,5,2,0,5
4244,5,2,0,5
4254,5,2,0,5
4261,5,2,0,5
4271,5,2,0,5
4278,5,2,0,5
4287,5,2,0,5
4294,5,2,0,5
4303,5,2,0,5
4310,5,2,0,5
4318,5,2,0,5
4325,5,2,0,5
4333,5,2,0,5
4341,5,2,0,5
4349,6,2,0,5
4356,6,2,0,5
4363,6,2,0,5
4371,6,2,0,5
4379,6,2,0,5
4386,6,2,0,5
4393,6,2,0,5
4401,6,2,0,5
4408,6,2,0,5
4416,6,2,0,5
4423,6,2,0,5
4432,6,2,0,5
4440,6,2,0,5
4448,6,2,0,5
4455,6,2,0,5
4463,6,2,0,5
4471,6,2,0,5
4478,6,2,0,5
4486,6,2,0,5
4492,6,2,0,5
4500,6,2,0,5
4507,6,2,0,5
4516,6,2,0,5
4523,6,2,0,5
4535,6,2,0,5
4549,6,2,0,5
4561,6,2,0,5
4570,6,2,0,5
4578,6,2,0,5
4588,6,2,0,5
4594,6,2,0,5
4603,6,2,0,5
4610,6,2,0,5
4618,6,2,0,5
4627,6,2,0,5
4636,6,2,0,5
4642,6,2,0,5
4650,6,2,0,5
4658,6,2,0,5
4665,6,2,0,5
4674,6,2,0,5
4681,6,2,0,5
4690,6,2,0,5
4696,6,2,0,5
4704,6,2,0,5
4712,6,2,0,5
4720,6,2,0,5
4728,6,2,0,5
4737,6,2,0,5
4743,6,2,0,5
4751,6,2,0,5
4759,6,2,0,5
4767,6,2,0,5
4774,6,2,0,5
4783,6,2,0,5
4791,6,2,0,5
4798,6,2,0,5
4806,6,2,0,5
4814,6,2,0,5
4823,6,2,0,5
4831,6,2,0,5
4838,6,2,0,5
4847,6,2,0,5
4855,6,2,0,5
4863,6,2,0,5
4872,6,2,0,5
4878,6,2,0,5
4887,6,2,0,5
4893,7,2,0,5
4901,7,2,0,5
4908,7,2,0,5
4916,7,2,0,5
4924,7,2,0,5
4932,7,2,0,5
4939,7,2,0,5
4945,7,2,0,5
4953,7,2,0,5
4959,7,2,0,5
4969,7,2,0,5
4975,7,2,0,5
4982,7,2,0,5
4989,7,2,0,5
4996,7,2,0,5
5005,7,2,0,5
5011,7,2,0,5
5020,7,2,0,5
5027,7,2,0,5
5035,7,2,0,5
5041,7,2,0,5
5049,7,2,0,5
5056,7,2,0,5
5062,7,2,0,5
5070,7,2,0,5
5078,7,2,0,5
5086,7,2,0,5
5093,7,2,0,5
5102,7,2,0,5
5108,7,2,0,5
5115,7,2,0,5
5122,7,2,0,5
5129,7,2,0,5
5136,7,2,0,5
5143,7,2,0,5
5153,7,2,0,5
5158,7,2,0,5
5166,7,2,0,5
5174,7,2,0,5
5182,7,2,0,5
5191,7,2,0,5
5198,7,2,0,5
5207,7,2,0,5
5214,7,2,0,5
5223,7,2,0,5
5231,7,2,0,5
5239,7,2,0,5
5247,7,2,0,5
5256,7,2,0,5
5262,7,2,0,5
5269,7,2,0,5
5276,7,2,0,5
5283,7,2,0,5
5291,7,2,0,5
5300,7,2,0,5
5307,7,2,0,5
5314,7,2,0,5
5322,7,2,0,5
5328,7,2,0,5
5337,7,2,0,5
5343,7,2,0,5
5350,7,2,0,5
5358,7,2,0,5
5366,7,2,0,5
5374,7,2,0,5
5381,7,2,0,5
5389,7,2,0,5
5396,7,2,0,5
5405,7,2,0,5
5412,7,2,0,5
5421,7,2,0,5
5428,7,2,0,5
5437,7,2,0,5
5444,7,2,0,5
5453,7,2,0,5
5460,7,2,0,5
5469,7,2,0,5
5475,7,2,0,5
5482,7,2,0,5
5491,7,2,0,5
5498,7,2,0,5
5507,7,2,0,5
5514,7,2,0,5
5522,7,2,0,5
5529,7,2,0,5
5538,7,2,0,5
5545,7,2,0,5
5553,7,2,0,5
5561,7,2,0,5
5570,7,2,0,5
5577,7,2,0,5
5586,7,2,0,5
5592,7,2,0,5
5600,7,2,0,5
5608,7,2,0,5
5616,7,2,0,5
5623,7,2,0,5
5630,7,2,0,5
5639,7,2,0,5
5645,7,2,0,5
5655,7,2,0,5
5661,7,2,0,5
5671,7,2,0,5
5677,7,2,0,5
5687,7,2,0,5
5693,7,2,0,5
5702,7,2,0,5
5709,7,2,0,5
5720,7,2,0,5
5732,7,2,0,5
5739,7,2,0,5
5747,7,2,0,5
5755,7,2,0,5
5761,7,2,0,5
5769,7,2,0,5
5777,7,2,0,5
5787,8,2,0,5
5794,8,2,0,5
5803,8,2,0,5
5812,8,2,0,5
5821,8,2,0,5
5829,8,2,0,5
5838,8,2,0,5
5844,8,2,0,5
5852,8,2,0,5
5860,8,2,0,5
5869,8,2,0,5
5875,8,2,0,5
5882,8,2,0,5
5891,8,2,0,5
5897,8,2,0,5
5906,8,2,0,5
5913,8,2,0,5
5921,8,2,0,5
5929,8,2,0,5
5938,8,2,0,5
5945,8,2,0,5
5954,8,2,0,5
5961,8,2,0,5
5970,8,2,0,5
5977,8,2,0,5
5987,8,2,0,5
5994,8,2,0,5
6003,8,2,0,5
6010,8,2,0,5
6019,9,2,0,5
6025,9,2,0,5
6032,9,2,0,5
6040,9,2,0,5
6047,9,2,0,5
6056,9,2,0,5
6063,9,2,0,5
6072,9,2,0,5
6079,9,2,0,5
6089,9,2,0,5
6095,9,2,0,5
6102,9,2,0,5
6112,9,2,0,5
6120,9,2,0,5
6128,9,2,0,5
6137,9,2,0,5
6145,9,2,0,5
6154,9,2,0,5
6161,9,2,0,5
6170,9,2,0,5
6176,9,2,0,5
6185,9,2,0,5
6192,9,2,0,5
6199,9,2,0,5
6208,9,2,0,5
6217,9,2,0,5
6224,9,2,0,5
6233,9,2,0,5
6240,9,2,0,5
6247,9,2,0,5
6256,9,2,0,5
6263,9,2,0,5
6272,9,2,0,5
6279,9,2,0,5
6288,9,2,0,5
6294,9,2,0,5
6303,9,2,0,5
6309,9,2,0,5
6317,9,2,0,5
6324,9,2,0,5
6332,9,2,0,5
6339,9,2,0,5
6346,9,2,0,5
6354,9,2,0,5
6360,9,2,0,5
6367,9,2,0,5
6374,9,2,0,5
6381,9,2,0,5
6390,9,2,0,5
6396,9,2,0,5
6404,9,2,0,5
6412,9,2,0,5
6421,9,2,0,5
6427,9,2,0,5
6436,9,2,0,5
6442,9,2,0,5
6449,9,2,0,5
6457,9,2,0,5
6468,9,2,0,5
6474,9,2,0,5
6481,9,2,0,5
6490,9,2,0,5
6496,9,2,0,5
6504,9,2,0,5
6513,9,2,0,5
6520,9,2,0,5
6527,9,2,0,5
6536,9,2,0,5
6543,9,2,0,5
6552,9,2,0,5
6558,9,2,0,5
6565,9,2,0,5
6574,9,2,0,5
6580,9,2,0,5
6588,9,2,0,5
6595,9,2,0,5
6603,9,2,0,5
6610,9,2,0,5
6618,9,2,0,5
6625,9,2,0,5
6633,9,2,0,5
6641,9,2,0,5
6650,9,2,0,5
6657,9,2,0,5
6664,9,2,0,5
6673,9,2,0,5
6679,9,2,0,5
6688,9,2,0,5
6694,9,2,0,5
6702,9,2,0,5
6709,9,2,0,5
6716,9,2,0,5
6724,9,2,0,5
6734,9,2,0,5
6741,9,2,0,5
6750,9,2,0,5
6758,9,2,0,5
6768,9,2,0,5
6774,9,2,0,5
6782,9,2,0,5
6790,9,2,0,5
6797,9,2,0,5
6804,9,2,0,5
6813,9,2,0,5
6822,9,2,0,5
6830,9,2,0,5
6838,9,2,0,5
6845,9,2,0,5
6854,9,2,0,5
6860,9,2,0,5
6869,9,2,0,5
6876,9,2,0,5
6884,9,2,0,5
6892,9,2,0,5
6898,9,2,0,5
6913,9,2,0,5
6921,9,2,0,5
6928,9,2,0,5
6937,9,2,0,5
6943,9,2,0,5
6951,9,2,0,5
6959,9,2,0,5
6968,9,2,0,5
6974,9,2,0,5
6983,9,2,0,5
6991,10,2,0,5
